word,weight
গণতন্ত্র,0.0004072456820038521
বিদ্যুতের,0.00040724568200385176
চলছে,0.00040654388428292866
উদ্বেগ,0.0004065438842829284
নজরুল,0.00040584973375810924
নেতৃবৃন্দের,0.0004058497337581089
স্টাইলে,0.00040529658597648443
মূল্যবৃদ্ধিতে,0.00040529658597648416
দুর্নীতিকে,0.0004051631621749778
বিজিএমইএ,0.00040516316217497744
প্রশ্রয়,0.0004044841017330516
মানববন্ধন,0.0004044841017330513
দিলেও,0.0004038124850984355
চিকিৎসকদের,0.00040381248509843525
লীগের,0.0004033457385962195
পোশাক,0.0004033457385962192
সরাসরি,0.0004031482454140591
কমপ্লেক্সে,0.00040314824541405874
মমতা,0.0004024913163077567
স্বাস্থ্য,0.00040249131630775635
বন্দ্যোপাধ্যায়ের,0.00040184163189842557
মধুপুর,0.0004018416318984252
আওয়ামী,0.0004013931196554544
রফতানির,0.0004013931196554541
বিরুদ্ধে,0.00040119912680046935
২০,0.000401199126800469
অভিযোগ,0.0004005637361267173
দেখাচ্ছে,0.00040056373612671687
প্রাক্তন,0.0003999353954899866
স্বপ্ন,0.00039993539548998616
দেশে,0.0003994387086920235
লক্ষ্যমাত্রা,0.0003994387086920232
বিচারপতি,0.0003993140410034406
চূড়ান্ত,0.00039931404100344023
পুনঃনিয়োগ,0.00039869960927987934
তালিকা,0.00039869960927987896
পেলেন,0.0003980920374300843
প্রার্থী,0.000398092037430084
নর্থ,0.0003974912630603287
নির্বাচনের,0.00039749126306032833
খসরুজ্জামান,0.00039748248498437926
অর্জন,0.00039748248498437905
সাউথ,0.0003968972242691518
ডিইউজে,0.0003968972242691514
বিশ্ববিদ্যালয়ের,0.0003963098596434871
প্রভাব,0.00039630985964348673
ভিসি,0.00039572910825422404
ভারতের,0.0003957291082542237
সিলেটের,0.00039552442754665137
পিছিয়ে,0.00039552442754665115
অধ্যাপক,0.00039515490965127644
চীন,0.00039515490965127606
আতিকুল,0.0003945872038582208
ঝড়,0.00039458720385822046
ইসলাম,0.00039402593136656595
রাজনৈতিক,0.00039402593136656557
পেলেন,0.00039356451512357986
পড়তে,0.0003935645151235796
সরকারদলীয়,0.00039347103312970314
নেপালে,0.00039347103312970287
সিন্ডিকেটের,0.00039292245055658675
অসময়,0.00039292245055658643
লুটপাটের,0.0003923801255051859
সময়,0.0003923801255051856
কারণেই,0.0003918440002757472
রেস,0.00039184400027574684
প্রশংসাপত্র,0.00039160272618531876
ক্লাসের,0.0003916027261853186
নিত্যপণ্যের,0.0003913140176039009
স্যুট,0.00039131401760390057
দাম,0.0003907901206536426
জেট,0.00039079012065364226
বৃদ্ধি,0.00039027225301021753
৭,0.00039027225301021715
রিজভী,0.0003897603586729324
নিহত,0.00038976035867293197
রাজার,0.00038963903892210664
নামে,0.00038963903892210637
আইন,0.0003892543820479163
শিশুসহ,0.00038925438204791594
সংশোধন,0.00038875426794085136
হানা,0.00038875426794085093
নির্দলীয়,0.0003882599615496902
মৃত্যুর,0.00038825996154968976
স্থানীয়,0.0003877714084573759
রাজপথে,0.0003877714084573754
বৃটেনের,0.00038767343123879744
কোচিং,0.0003876734312387973
নির্বাচনে,0.00038728855462457853
সমাপ্ত,0.0003872885546245781
ফেরার,0.00038681134638246154
অধিবেশন,0.00038681134638246105
দাবি,0.000386339730425487
সংসদের,0.0003863397304254865
সুজনের,0.00038587365380427207
দ্বাদশ,0.00038587365380427153
৫,0.0003857058807492507
বাণিজ্য,0.00038570588074925046
শনিবার,0.00038541306391850274
নিহত,0.0003854130639185022
ঢাকাসহ,0.00038495790850991406
কিশোর,0.0003849579085099136
দেশব্যাপী,0.00038450813565534333
ফিলিস্তিনি,0.0003845081356553428
লিফলেট,0.00038406369375986024
আহত,0.0003840636937598597
পদত্যাগ,0.00038373636477057255
বন্ধের,0.0003837363647705723
বিতরণ,0.00038362453154998176
গুলিতে,0.00038362453154998133
গণসংযোগ,0.0003831905980669733
সেনাদের,0.0003831905980669728
কর্মসূচি,0.000382761842660241
ইসরাইলি,0.0003827618426602406
ঘোষণা,0.0003823382149808196
চলছে,0.0003823382149808191
বিএনপির,0.0003819196649749542
অভিযান,0.0003819196649749537
নুল্যান্ডের,0.00038176486031720624
নির্দেশ,0.00038176486031720597
অপরাজেয়,0.0003815061428777838
রেস্তোরাঁয়,0.00038150614287778327
বাংলাদেশের,0.00038109759920712245
গুলশানে,0.00038109759920712196
সিরিজ,0.000380693984757344
টেকনাফ,0.0003806939847573436
বাঁচানোর,0.00038029525059336843
কাঁপছে,0.000380295250593368
লড়াই,0.00037990134804475126
আবারো,0.00037990134804475077
ভিক্টোরিয়া,0.00037979134409486483
দুমকীতে,0.0003797913440948646
নদীতে,0.0003795122286998773
শব্দে,0.00037951222869987683
সাঁতার,0.0003791278444002572
শেলের,0.0003791278444002568
কাটতে,0.00037874814723492823
মর্টার,0.0003787481472349278
নিখোঁজ,0.00037837308953495783
বিমান,0.00037837308953495735
দু’বন্ধু,0.0003780026238680503
প্রেরণ,0.00037800262386804983
বাংলাদেশের,0.00037781579249430145
ইমাম,0.0003778157924943011
একজনের,0.0003776367030332556
কারাগারে,0.00037763670303325513
লাশ,0.0003772752800557796
কবীরকে,0.0003772752800557792
উদ্ধার,0.00037691830818189495
হুমায়ুন,0.00037691830818189446
জুজুর,0.00037656574087395104
নেতা,0.00037656574087395055
ভয়,0.00037621753180548347
বিএনপি,0.0003762175318054831
দেখিয়ে,0.0003758736348564203
শেষে,0.0003758736348564198
প্রয়োজন,0.00037583818158491196
মুয়াজ্জিনদের,0.00037583818158491174
প্রতারিত,0.0003755340041083839
জামিন,0.00037553400410838346
মঈন,0.00037519859384008917
অন্তবর্তীকালীন,0.0003751985938400887
খান,0.00037486735852283336
অনুষ্ঠিত,0.0003748673585228329
আজীবন,0.0003745402528160804
জানাজা,0.00037454025281607995
সম্মাননা,0.00037421723156313324
রহমানের,0.00037421723156313286
পেলেন,0.00037389824978689847
তৈমুর,0.0003738982497868981
রান,0.0003738584871081648
সাথে,0.0003738584871081645
অঞ্জনা,0.0003735832626857362
সভাপতি,0.0003735832626857358
এডিস,0.0003732722256293981
বিএনপির,0.0003732722256293977
মশা,0.0003729650941550494
জেলা,0.00037296509415504905
প্রতিরোধে,0.0003726618239633749
ঠাকুরগাঁও,0.0003726618239633745
৯০,0.0003723623709147664
কাটাতে,0.000372362370914766
শতাংশ,0.00037206669102559097
খরা,0.00037206669102559064
১৬৬,0.0003718766844708503
মতবিনিময়,0.00037187668447085005
প্রয়োজন,0.0003717747404645375
জয়,0.00037177474046453724
জনসচেতনতা,0.0003714864755490416
বছরের,0.00037148647554904125
স্থানীয়,0.0003712018527417854
৫,0.0003712018527417851
সরকারমন্ত্রী,0.0003709208286472726
বাংলাদেশ,0.0003709208286472722
গুলশানে,0.0003706433600084756
পারবে,0.0003706433600084753
দু’টি,0.00037036940370355567
নিহত,0.00037036940370355534
বাণিজ্যিক,0.00037009891674265105
শ্রমিক,0.0003700989167426508
জয়ের,0.00036989274873814595
গল্পকথা,0.00036989274873814573
ভবনকে,0.00036983310923079815
পড়ে,0.0003698331092307979
অগ্নি,0.0003695719086069711
পিকআপ,0.00036957190860697077
ঝুঁকিপূর্ণ,0.0003693152440167545
মিরসরাই,0.0003693152440167542
ঘোষণা,0.00036906304625291473
চিলি,0.00036906304625291435
প্রলোভনকারী,0.00036881524769869417
দিলো,0.0003688152476986938
শুধুই,0.00036857178227367633
বাধা,0.00036857178227367595
শরীরী,0.00036833258538207633
অংশ,0.000368332585382076
খেলায়,0.00036809759386332344
ইসরাইলকে,0.0003680975938633231
পার্টি,0.0003679066546264892
রিশা,0.0003679066546264889
মেতে,0.0003678667459448098
মেলায়,0.0003678667459448094
ব্যক্তিত্ব,0.0003676399811966885
মহাকাশ,0.0003676399811966882
নই,0.00036741724048861127
বৃহত্তম,0.0003674172404886109
জঙ্গিবাদ,0.00036719846594830186
আমেরিকার,0.00036719846594830154
দমনে,0.000366983600921871
লাতিন,0.0003669836009218707
সাহসী,0.0003667725899357804
ঢল,0.00036677258993578015
ভূমিকা,0.0003665653786603722
মানুষের,0.00036656537866037195
রেখেছে,0.00036636191387488413
লাখো,0.0003663619138748838
র‍্যাব,0.0003661621434338752
জানাজায়,0.00036616214343387487
প্রধানমন্ত্রী,0.0003659660162349923
রহমানের,0.00036596601623499193
এবি,0.0003659183764962515
রাফির,0.00036591837649625124
১১,0.0003657734821880106
তৈমুর,0.00036577348218801023
১৭,0.0003655844921850864
রুহিয়ায়,0.00036558449218508605
মার্চ,0.00036539899807216307
উদ্ধার,0.00036539899807216264
জাটকা,0.0003652169526214749
হাড়গোড়,0.00036521695262147446
সংরক্ষণ,0.0003650383095050971
খুলি,0.00036503830950509667
সপ্তাহ,0.00036486302326949255
মাথার,0.0003648630232694921
২০২৪,0.00036469104931100823
মানুষের,0.0003646910493110078
পালন,0.0003645223438522784
জঙ্গল,0.000364522343852278
প্রাণিসম্পদমন্ত্রী,0.0003643568639194928
শ্রীপুরে,0.0003643568639194924
ভূমি,0.0003641945673204895
করুন,0.0003641945673204891
সেবা,0.00036403541262363754
জোরদার,0.0003640354126236372
ব্যবসা,0.0003639278883442085
দিনগুলো,0.00036392788834420825
নিশ্চিতে,0.0003638793591374719
অভিযান,0.00036387935913747156
জিরো,0.00036372636689104893
বিরুদ্ধে,0.00036372636689104866
টলারেন্স,0.0003635763966149906
টাকার,0.0003635763966149903
নীতিতে,0.0003634294097231869
জাল,0.0003634294097231866
সরকার,0.00036328536829512896
মজুতদারি,0.00036328536829512864
স্বচ্ছতা,0.00036314423505884547
প্রধানমন্ত্রী,0.00036314423505884525
আনতে,0.0003630059733744174
র‌্যাবকে,0.00036300597337441716
প্রয়োজনীয়,0.0003628705472180454
মৃত্যু,0.0003628705472180452
ব্যবস্থা,0.000362737921166649
যুবকের,0.00036273792116664884
নেয়া,0.0003626080603829741
ধাক্কায়,0.00036260806038297395
প্রেস,0.0003624809306011879
ট্রেনের,0.00036248093060118773
ক্লাবে,0.0003623564981129428
কালীগঞ্জে,0.0003623564981129427
দলীয়,0.00036223472975388917
প্রয়োজন,0.000362234729753889
নেতাকর্মীদের,0.0003621155928906189
উন্নয়ন,0.00036211559289061875
হাতে,0.00036199905540802436
দক্ষতা,0.00036199905540802414
রেস্টুরেন্ট,0.00036193516379579607
বেইলি,0.00036193516379579585
লাঞ্ছিত,0.0003618850856970543
প্রযুক্তিগত,0.0003618850856970541
তাঁতীদলের,0.00036177365264285254
সাংবাদিকদের,0.0003617736526428523
আহ্বায়ক,0.00036166472561326434
বক্তারা,0.0003616647256132641
আজাদ,0.00036155827444769585
কর্মশালায়,0.0003615582744476957
বিএনপি,0.00036145426944631453
পিআইবি,0.00036145426944631426
নেতা,0.00036135268135957505
ডিআরইউ,0.0003613526813595747
বরকত,0.00036125348137806183
পরিষদ,0.00036125348137806156
উল্লাহ,0.00036115664112263367
গণঅধিকার,0.00036115664112263334
বুলু,0.00036106213263486034
ঘটছে,0.00036106213263486
হাসপাতালে,0.0003609699283677407
অগ্নিকাণ্ড,0.0003609699283677403
ভর্তি,0.0003608800011766914
ধারাবাহিক,0.00036088000117669107
১০ই,0.0003607923243107972
পরিকল্পনায়,0.0003607923243107969
মার্চ,0.0003607068714043122
সরকারের,0.00036070687140431185
সাগরে,0.00036062361646840456
তাপস,0.00036062361646840423
তেল,0.000360542533883135
ঘটবে,0.00036054253388313474
গ্যাস,0.0003604635983896616
প্রাণহানি,0.00036046359838966133
অনুসন্ধানে,0.0003603867850826618
ধরনের,0.00036038678508266156
আন্তর্জাতিক,0.00036031206940296574
বিচার,0.0003603120694029655
দরপত্র,0.0003602394271303924
অগ্নিকাণ্ডের,0.0003602394271303922
আহ্বান,0.00036016883437678187
রোড,0.0003601688343767816
কাচ্চি,0.00036010026757921727
বেইলি,0.000360100267579217
বিরিয়ানির,0.00036003370349343023
পারলাম,0.00036003370349342996
সুঘ্রাণ,0.00035996911918738264
পরীক্ষা,0.00035996911918738237
বসেছে,0.0003599401760971477
রোডে,0.00035994017609714744
অনন্য,0.0003599064920350203
এসেও,0.00035990649203502
সুইডেনের,0.00035984579971019143
জার্নি,0.0003598457997101911
রাষ্ট্রদূত,0.0003597870201807255
ঘণ্টা,0.00035978702018072523
মটরসাইকেল,0.00035973013170266716
আট,0.00035973013170266684
দুর্ঘটনায়,0.00035967511281465893
সাত,0.00035967511281465866
সাতক্ষীরায়,0.00035962194233247016
উদ্ধার,0.0003596219423324699
দু’কলেজ,0.0003595705993436653
লাশ,0.000359570599343665
শিক্ষার্থী,0.0003595210632024083
যুবকের,0.000359521063202408
নিহত,0.0003594733135243987
নিখোঁজ,0.00035947331352439847
সাদা,0.0003594273301819352
পাড়,0.000359427330181935
শার্ট,0.000359383093299102
নদ,0.0003593830932991018
পরা,0.00035934058324707557
ব্রহ্মপুত্র,0.00035934058324707535
কারা,0.00035929978063954676
সাঁতরে,0.00035929978063954654
পোন্নাগিউনে,0.00035926066632825546
গফরগাঁওয়ে,0.0003592606663282552
সামরিক,0.00035922318655455646
মার্চ,0.00035922318655455624
ঘাঁটি,0.0003591872888871786
২৯,0.00035918728888717835
দখলে,0.0003591529221898497
পরীক্ষা,0.00035915292218984945
নেয়ার,0.00035912003659009173
বিভাগের,0.00035912003659009146
দাবি,0.0003590885834491304
চট্টগ্রাম,0.00035908858344913024
আরাকান,0.0003590585153328672
ঢাকা,0.000359058515332867
আর্মির,0.0003590297859838632
নিয়োগের,0.00035902978598386303
লক্ষ্য,0.0003590023502942897
শিক্ষক,0.0003590023502942895
রাজধানী,0.0003589761642798007
প্রাথমিকে,0.0003589761642798005
সুপ্রিম,0.00035895118505428595
জনে,0.0003589511850542858
কোর্ট,0.00035892737080546596
৭১৭,0.0003589273708054658
বারের,0.0003589046807712911
৩০,0.00035890468077129096
ভোটগ্রহণ,0.0003588830752171106
দাঁড়িয়েছে,0.0003588830752171104
বার্লিনে,0.0003588625154135779
বেড়ে,0.00035886251541357775
বাংলাদেশ,0.00035884296361526143
সংখ্যা,0.00035884296361526127
প্যাভিলিয়ন,0.00035882438303993017
নিহতের,0.00035882438303993006
উদ্বোধন,0.0003588067378484874
হামলায়,0.00035880673784848726
পর্যটন,0.0003587899931255244
ইসরাইলি,0.0003587899931255243
মন্ত্রী,0.0003587741148604698
গাজায়,0.0003587741148604696
ঢাকা,0.00035875906992930985
ভারতীয়,0.00035875906992930974
টাঙ্গাইল,0.00035874482607685745
১,0.0003587448260768573
মহাসড়কে,0.0003587313518995477
আরো,0.0003587313518995475
দীর্ঘ,0.00035871861682873913
প্রাণ,0.0003587186168287391
যানজট,0.00035870659111450194
যুদ্ধক্ষেত্রে,0.00035870659111450194
সিলেটে,0.00035869524580987345
রাশিয়ার,0.0003586952458098734
পিকআপের,0.00035868455275556323
হয়ে,0.0003586845527555631
ধাক্কায়,0.0003586744845650917
শিকার,0.0003586744845650916
মোটরসাইকেল,0.0003586650146103449
প্রতারণার,0.0003586650146103448
আরোহী,0.0003586561170075308
হামাসের,0.0003586561170075307
নিহত,0.00035864776660352173
নিন্দা,0.0003586477666035216
ব্রহ্মপুত্রের,0.0003586399389625699
পরিকল্পনার,0.0003586399389625698
কিলোমিটারে,0.00035863261035338166
বসতি,0.00035863261035338156
সাড়ে,0.00035862575773653747
ইসরাইলের,0.00035862575773653736
তিন,0.000358619358752247
যুক্তরাষ্ট্র,0.0003586193587522469
টাকার,0.00035861339170842533
তদন্ত,0.00035861339170842517
খনিজ,0.00035860783556908077
খাত,0.0003586078355690807
বাড়ছে,0.0003586026699430033
পোশাক,0.00035860266994300317
চিনির,0.00035859787507274197
দেশের,0.00035859787507274186
দাম,0.00035859343182386376
পাঁচটি,0.0003585934318238637
রেস্তরাঁয়,0.0003585893216744826
বাংলাদেশসহ,0.0003585893216744826
অভিযান,0.00035858552670505015
মৃত্যু,0.0003585855267050501
সিলগালা,0.0003585820295883997
মাসউদের,0.00035858202958839963
এক,0.0003585788135800352
সাংবাদিক,0.0003585788135800352
প্রকল্পে,0.0003585758625086569
দ্বন্দ্বে,0.0003585758625086569
খরচ,0.0003585731607669164
প্রেসক্লাবের,0.0003585731607669163
বেড়েছে,0.00035857069330239277
২,0.0003585706933023927
১৫১,0.0003585684456087851
বরগুনায়,0.00035856844560878503
রাজনৈতিক,0.00035856640371731153
রণতরী,0.0003585664037173115
প্রভাবে,0.00035856455418831077
ভারতের,0.0003585645541883107
পরিবহন,0.0003585628841030387
অদূরে,0.00035856288410303865
খাত,0.000358561381055654
মালের,0.00035856138105565396
জিম্মি,0.0003585600331453881
স্বাস্থ্যমন্ত্রী,0.00035856003314538803
র‌্যাবের,0.0003585588289688918
সরকার,0.00035855882896889177
প্রতিষ্ঠাবার্ষিকী,0.0003585577576127561
নিশ্চিত,0.000358557757612756
অগ্নি,0.000358556808646199
স্বাস্থ্যসেবা,0.00035855680864619894
দুর্যোগ,0.00035855597211391593
জনগোষ্ঠীর,0.0003585559721139159
বিপর্যয়ে,0.0003585552385290871
প্রান্তিক,0.00035855523852908704
রূপ,0.0003585545988665385
নিউজিল্যান্ডের,0.0003585545988665384
নিয়েছে,0.0003585540445560514
চ্যালেঞ্জ,0.0003585540445560513
ড.,0.0003585535674758161
বাঁচানোর,0.00035855356747581597
ইউনূসের,0.000358553159946026
সিরিজ,0.0003585531599460259
আতিথেয়তা,0.00035855281472260854
ম্যাচে,0.0003585528147226084
সম্মানিত,0.00035855252499108743
মাইলফলকের,0.0003585525249910873
পিটার,0.0003585522843605749
সাউদির,0.0003585522843605748
হাস্‌,0.00035855208685788806
উইলিয়ামসন,0.000358552086857888
মামলা,0.00035855192692178784
বিধ্বস্ত,0.0003585519269217878
উদ্বেগ,0.0003585517993973357
বিমান,0.0003585517993973356
দু’দিন,0.0003585516995303655
প্রশিক্ষণ,0.0003585516995303654
পুড়ছে,0.0003585516229620684
মধ্যপ্রদেশে,0.00035855162296206835
আলমের,0.0003585515657236854
ভারতের,0.0003585515657236853
চিনিকল,0.0003585515242313066
টিসিবি,0.00035855152423130656
কাল,0.0003585514952807745
বিক্রি,0.0003585514952807745
সুপ্রিম,0.0003585514760426867
পণ্য,0.0003585514760426867
কোর্ট,0.0003585514640574973
৫টি,0.0003585514640574973
বারে,0.00035855145723071377
মূল্যে,0.0003585514572307137
ভোট,0.0003585514538281861
ভর্তুকি,0.00035855145382818605
ফেব্রুয়ারিতে,0.0003585514524714875
বৃহস্পতিবার,0.0003585514524714875
রপ্তানি,0.00035855145213338285
বাড়লেও,0.00035855145213338285
লক্ষ্যমাত্রা,0.00035855145213338285
অর্জন,0.00035855145213338285
হয়নি,0.00035855145213338285
বিশ্ববাজারের,0.00035855145213338285
সমন্বয়,0.00035855145213338285
তেলের,0.00035855145213338285
দাম,0.00035855145213338285
নির্ধারণ,0.00035855145213338285
শিক্ষকের,0.00035855145213338285
বিরুদ্ধে,0.00035855145213338285
হত্যাচেষ্টার,0.00035855145213338285
মামলা,0.00035855145213338285
অস্ত্রটি,0.00035855145213338285
অবৈধ,0.00035855145213338285
দেরিতে,0.00035855145213338285
অভিষেক,0.00035855145213338285
জাকেরের,0.00035855145213338285
আশীর্বাদ,0.00035855145213338285
মাঠে,0.00035855145213338285
মেসি,0.00035855145213338285
মেসি,0.00035855145213338285
স্লোগান,0.00035855145213338285
শুনলেন,0.00035855145213338285
রোনালদো,0.00035855145213338285
ভারতকে,0.00035855145213338285
হারিয়ে,0.00035855145213338285
ফাইনালে,0.00035855145213338285
বাংলাদেশ,0.00035855145213338285
সিরিজ,0.00035855145213338285
বাঁচানো,0.00035855145213338285
ম্যাচের,0.00035855145213338285
বিশ্রামে,0.00035855145213338285
শান্তরা,0.00035855145213338285
শুরুর,0.00035855145213338285
পিছিয়ে,0.00035855145213338285
প্রিমিয়ার,0.00035855145213338285
লীগ,0.00035855145213338285
শুরুর,0.00035855145213338285
দিনক্ষণ,0.00035855145213338285
বিশ্বকাপ,0.00035855145213338285
ভাবনার,0.00035855145213338285
কারণেই,0.00035855145213338285
বাংলাদেশ,0.00035855145213338285
সফরে,0.00035855145213338285
ডিকওয়েলা,0.00035855145213338285
গ্রুপ,0.00035855145213338285
পর্ব,0.00035855145213338285
থাকছে,0.00035855145213338285
চ্যাম্পিয়নস,0.00035855145213338285
লীগের,0.00035855145213338285
ফরম্যাটে,0.00035855145213338285
ক্যারমে,0.00035855145213338285
হেমায়েত,0.00035855145213338285
শিল্পী,0.00035855145213338285
চ্যাম্পিয়ন,0.00035855145213338285
ঢাবি’র,0.00035855145213338285
৬৭,0.00035855145213338285
শিক্ষার্থী,0.00035855145213338285
১,0.00035855145213338285
কর্মচারীকে,0.00035855145213338285
বহিষ্কার,0.00035855145213338285
তিন,0.00035855145213338285
লাখ,0.00035855145213338285
টাকা,0.00035855145213338285
জরিমানার,0.00035855145213338285
বিধান,0.00035855145213338285
গ্রাম,0.00035855145213338285
আদালত,0.00035855145213338285
বিল,0.00035855145213338285
সংসদে,0.00035855145213338285
উত্থাপন,0.00035855145213338285
কিশোর,0.00035855145213338285
গ্যাংয়ের,0.00035855145213338285
প্রশ্রয়ে,0.00035855145213338285
কাউন্সিলররা,0.00035855145213338285
জড়িত,0.00035855145213338285
থাকলে,0.00035855145213338285
ব্যবস্থা-,0.00035855145213338285
ডিবি,0.00035855145213338285
ভারত,0.00035855145213338285
ইংল্যান্ডের,0.00035855145213338285
পঞ্চম,0.00035855145213338285
টেস্ট,0.00035855145213338285
আয়োজন,0.00035855145213338285
শঙ্কা,0.00035855145213338285
দলের,0.00035855145213338285
খেলায়,0.00035855145213338285
ইঙ্গিত,0.00035855145213338285
চায়,0.00035855145213338285
রেকর্ড,0.00035855145213338285
জয়ের,0.00035855145213338285
আর্সেনাল,0.00035855145213338285
কোচ,0.00035855145213338285
বিপজ্জনক,0.00035855145213338285
সময়ের,0.00035855145213338285
বাংলাদেশের,0.00035855145213338285
গণতন্ত্র,0.00035855145213338285
দ্রব্যমূল্য,0.00035855145213338285
সহনীয়,0.00035855145213338285
রাখতে,0.00035855145213338285
ডিসিদের,0.00035855145213338285
বাজার,0.00035855145213338285
তদারকি,0.00035855145213338285
স্বরাষ্ট্রমন্ত্রী,0.00035855145213338285
অর্থ,0.00035855145213338285
পাচার,0.00035855145213338285
মামলায়,0.00035855145213338285
ঢাকা,0.00035855145213338285
টাইমস,0.00035855145213338285
সম্পাদক,0.00035855145213338285
দোলন,0.00035855145213338285
কারাগারে,0.00035855145213338285
প্রতিষ্ঠার,0.00035855145213338285
১,0.00035855145213338285
যুগেও,0.00035855145213338285
সমাবর্তনের,0.00035855145213338285
মুখ,0.00035855145213338285
দেখেনি,0.00035855145213338285
বরিশাল,0.00035855145213338285
বিশ্ববিদ্যালয়,0.00035855145213338285
আন্দোলনে,0.00035855145213338285
বঙ্গমাতা,0.00035855145213338285
মেডিকেল,0.00035855145213338285
বিশ্ববিদ্যালয়ের,0.00035855145213338285
কর্মচারীরা,0.00035855145213338285
টেবিল,0.00035855145213338285
ঘড়ির,0.00035855145213338285
গণজোয়ার,0.00035855145213338285
ঠেকাতে,0.00035855145213338285
মরিয়া,0.00035855145213338285
প্রতিপক্ষ,0.00035855145213338285
প্রার্থীর,0.00035855145213338285
সমর্থকরা,0.00035855145213338285
সাক্কু,0.00035855145213338285
টাঙ্গাইলে,0.00035855145213338285
৫,0.00035855145213338285
শতাধিক,0.00035855145213338285
রেস্তরাঁ,0.00035855145213338285
বহুতল,0.00035855145213338285
ভবন,0.00035855145213338285
অগ্নিঝুঁকিতে,0.00035855145213338285
খেলাপিদের,0.00035855145213338285
খপ্পরে,0.00035855145213338285
দেউলিয়ার,0.00035855145213338285
পথে,0.00035855145213338285
মোরেলগঞ্জ,0.00035855145213338285
বিআরডিবি,0.00035855145213338285
নোয়াখালীতে,0.00035855145213338285
৮৪,0.00035855145213338285
বছরের,0.00035855145213338285
সাজাপ্রাপ্ত,0.00035855145213338285
জলদস্যু,0.00035855145213338285
গ্রেপ্তার,0.00035855145213338285
৯ই,0.00035855145213338285
মার্চ,0.00035855145213338285
হবিগঞ্জ,0.00035855145213338285
জেলা,0.00035855145213338285
পরিষদ,0.00035855145213338285
উপনির্বাচন,0.00035855145213338285
বান্দরবানে,0.00035855145213338285
শান্তি,0.00035855145213338285
প্রতিষ্ঠা,0.00035855145213338285
কমিটির,0.00035855145213338285
কেএনএফ’র,0.00035855145213338285
বৈঠক,0.00035855145213338285
কুড়িগ্রাম,0.00035855145213338285
প্রেস,0.00035855145213338285
ক্লাবের,0.00035855145213338285
সভাপতি,0.00035855145213338285
রাজু,0.00035855145213338285
সম্পাদক,0.00035855145213338285
ফারুক,0.00035855145213338285
বিশ্বের,0.00035855145213338285
স্মার্ট,0.00035855145213338285
শিক্ষার,0.00035855145213338285
প্রবক্তা,0.00035855145213338285
ড.,0.00035855145213338285
বদরুল,0.00035855145213338285
হুদা,0.00035855145213338285
খানকে,0.00035855145213338285
সংবর্ধনা,0.00035855145213338285
সিলেটে,0.00035855145213338285
ইয়াবার,0.00035855145213338285
চালান,0.00035855145213338285
আটক,0.00035855145213338285
খুলনায়,0.00035855145213338285
১২৫,0.00035855145213338285
ভবনে,0.00035855145213338285
ফায়ার,0.00035855145213338285
সার্ভিসের,0.00035855145213338285
অভিযান,0.00035855145213338285
শ্রীনগরে,0.00035855145213338285
বিদেশি,0.00035855145213338285
পিস্তলসহ,0.00035855145213338285
১৩,0.00035855145213338285
মামলার,0.00035855145213338285
আসামি,0.00035855145213338285
গ্রেপ্তার,0.00035855145213338285
শিবগঞ্জে,0.00035855145213338285
সড়ক,0.00035855145213338285
দুর্ঘটনায়,0.00035855145213338285
বৃদ্ধার,0.00035855145213338285
মৃত্যু,0.00035855145213338285
গোপালপুরে,0.00035855145213338285
পৃথক,0.00035855145213338285
সড়ক,0.00035855145213338285
দুর্ঘটনায়,0.00035855145213338285
শিশু,0.00035855145213338285
নারী,0.00035855145213338285
নিহত,0.00035855145213338285
কলাপাড়া,0.00035855145213338285
সাংবাদিক,0.00035855145213338285
ফোরামের,0.00035855145213338285
সভাপতি,0.00035855145213338285
কাওছার,0.00035855145213338285
সম্পাদক,0.00035855145213338285
আলমগীর,0.00035855145213338285
জগন্নাথপুরে,0.00035855145213338285
সেতুর,0.00035855145213338285
সংযোগ,0.00035855145213338285
সড়কে,0.00035855145213338285
ধস,0.00035855145213338285
চলাচল,0.00035855145213338285
বন্ধ,0.00035855145213338285
কক্সবাজারে,0.00035855145213338285
উচ্চপদস্থ,0.00035855145213338285
প্রশাসনিক,0.00035855145213338285
কর্মকর্তাদের,0.00035855145213338285
পরিচয়ে,0.00035855145213338285
প্রতারণা,0.00035855145213338285
মূলহোতা,0.00035855145213338285
আটক,0.00035855145213338285
শ্রীনগরে,0.00035855145213338285
৭,0.00035855145213338285
৭শ,0.00035855145213338285
পিস,0.00035855145213338285
ইয়াবাসহ,0.00035855145213338285
গ্রেপ্তার,0.00035855145213338285
১,0.00035855145213338285
সিলেটে,0.00035855145213338285
ডেমোক্রেসি,0.00035855145213338285
ইন্টারন্যাশনালের,0.00035855145213338285
আলোচনা,0.00035855145213338285
সভা,0.00035855145213338285
ডোমারে,0.00035855145213338285
বুদ্ধিপ্রতিবন্ধীকে,0.00035855145213338285
মারধর,0.00035855145213338285
৪,0.00035855145213338285
টাকায়,0.00035855145213338285
রফাদফা,0.00035855145213338285
কুষ্টিয়ায়,0.00035855145213338285
প্রতারক,0.00035855145213338285
চক্রের,0.00035855145213338285
৬,0.00035855145213338285
সদস্য,0.00035855145213338285
গ্রেপ্তার,0.00035855145213338285
শ্রীপুরে,0.00035855145213338285
শ্রমিক,0.00035855145213338285
বিক্ষোভ,0.00035855145213338285
দেলদুয়ারে,0.00035855145213338285
প্রধান,0.00035855145213338285
শিক্ষকের,0.00035855145213338285
অপসারণের,0.00035855145213338285
দাবিতে,0.00035855145213338285
মানববন্ধন,0.00035855145213338285
মুন্সীগঞ্জে,0.00035855145213338285
প্রতিপক্ষের,0.00035855145213338285
মারপিটে,0.00035855145213338285
যুবকের,0.00035855145213338285
মৃত্যুর,0.00035855145213338285
অভিযোগ,0.00035855145213338285
নারায়ণগঞ্জে,0.00035855145213338285
স্কুলছাত্র,0.00035855145213338285
জয়ন্ত,0.00035855145213338285
হত্যা,0.00035855145213338285
মামলায়,0.00035855145213338285
৪,0.00035855145213338285
মৃত্যুদণ্ড,0.00035855145213338285
যশোরে,0.00035855145213338285
তুচ্ছ,0.00035855145213338285
ঘটনায়,0.00035855145213338285
যুবক,0.00035855145213338285
হত্যা,0.00035855145213338285
জুড়ীতে,0.00035855145213338285
স্থানীয়,0.00035855145213338285
দুর্যোগ,0.00035855145213338285
ঝুঁকি,0.00035855145213338285
ব্যবস্থাপনা,0.00035855145213338285
বিষয়ে,0.00035855145213338285
পরিকল্পনা,0.00035855145213338285
কর্মশালা,0.00035855145213338285
পাকুন্দিয়ায়,0.00035855145213338285
বিদ্যালয়ে,0.00035855145213338285
শৃঙ্খলা,0.00035855145213338285
ফেরাতে,0.00035855145213338285
তৎপর,0.00035855145213338285
কর্মকর্তা,0.00035855145213338285
রাস্তা,0.00035855145213338285
ছাড়াই,0.00035855145213338285
খালের,0.00035855145213338285
নির্মাণ,0.00035855145213338285
টাকার,0.00035855145213338285
সেতু,0.00035855145213338285
গাজীপুরে,0.00035855145213338285
খুলে,0.00035855145213338285
দেয়া,0.00035855145213338285
বিআরটি,0.00035855145213338285
প্রকল্পের,0.00035855145213338285
ফ্লাইওভার,0.00035855145213338285
গ্যাসের,0.00035855145213338285
দাবিতে,0.00035855145213338285
ঢাকা,0.00035855145213338285
চট্টগ্রাম,0.00035855145213338285
মহাসড়ক,0.00035855145213338285
অবরোধ,0.00035855145213338285
চিকিৎসকের,0.00035855145213338285
ভুল,0.00035855145213338285
অপারেশনে,0.00035855145213338285
মৃত্যুশয্যায়,0.00035855145213338285
কিশোরী,0.00035855145213338285
বছর,0.00035855145213338285
অর্থ,0.00035855145213338285
অপচয়সহ,0.00035855145213338285
হাতিয়ে,0.00035855145213338285
নেয়া,0.00035855145213338285
লাখ,0.00035855145213338285
লাখ,0.00035855145213338285
টাকা,0.00035855145213338285
মেয়ের,0.00035855145213338285
প্রচারণায়,0.00035855145213338285
অংশ,0.00035855145213338285
এমপি,0.00035855145213338285
বাহারকে,0.00035855145213338285
চিঠি,0.00035855145213338285
ব্রাহ্মণবাড়িয়ায়,0.00035855145213338285
ট্রাকের,0.00035855145213338285
ধাক্কায়,0.00035855145213338285
স্কুলছাত্র,0.00035855145213338285
নিহত,0.00035855145213338285
সিলেটে,0.00035855145213338285
তালাবদ্ধ,0.00035855145213338285
ঘর,0.00035855145213338285
যুবকের,0.00035855145213338285
লাশ,0.00035855145213338285
উদ্ধার,0.00035855145213338285
আওয়ামী,0.00035855145213338285
লীগ,0.00035855145213338285
৯,0.00035855145213338285
বিএনপি,0.00035855145213338285
৫,0.00035855145213338285
গাজীপুরে,0.00035855145213338285
বাড়িঘর,0.00035855145213338285
ভেঙে,0.00035855145213338285
গুঁড়িয়ে,0.00035855145213338285
দেয়ায়,0.00035855145213338285
বিক্ষোভ,0.00035855145213338285
মৌলভীবাজার,0.00035855145213338285
পৌরসভার,0.00035855145213338285
মেয়র,0.00035855145213338285
যুক্তরাজ্যের,0.00035855145213338285
রেসিলিয়েন্স,0.00035855145213338285
সম্মেলনে,0.00035855145213338285
যোগ,0.00035855145213338285
দিচ্ছেন,0.00035855145213338285
অতিরিক্ত,0.00035855145213338285
বিল,0.00035855145213338285
অস্বীকার,0.00035855145213338285
করায়,0.00035855145213338285
প্রকৌশলীকে,0.00035855145213338285
হত্যার,0.00035855145213338285
হুমকি,0.00035855145213338285
নেতাদের,0.00035855145213338285
উস্কানিতে,0.00035855145213338285
ব্রাহ্মণবাড়িয়ায়,0.00035855145213338285
দু’দিন,0.00035855145213338285
সংঘর্ষ,0.00035855145213338285
আহত,0.00035855145213338285
৫০,0.00035855145213338285
মৌলভীবাজারে,0.00035855145213338285
ছাত্রদলের,0.00035855145213338285
মিছিল,0.00035855145213338285
সীতাকুণ্ডে,0.00035855145213338285
কবরস্থান,0.00035855145213338285
রাস্তার,0.00035855145213338285
গাছ,0.00035855145213338285
অবৈধভাবে,0.00035855145213338285
বিক্রির,0.00035855145213338285
পাঁয়তারা,0.00035855145213338285
বিদ্যুতের,0.00035855145213338285
মূল্য,0.00035855145213338285
স্থিতিশীল,0.00035855145213338285
রাখার,0.00035855145213338285
দাবিতে,0.00035855145213338285
সিলেটে,0.00035855145213338285
স্মারকলিপি,0.00035855145213338285
প্রদান,0.00035855145213338285
শিল্পী,0.00035855145213338285
সমিতির,0.00035855145213338285
নির্বাচনে,0.00035855145213338285
অনন্ত,0.00035855145213338285
জলিলের,0.00035855145213338285
সিদ্ধান্ত,0.00035855145213338285
পরিণীতিকে,0.00035855145213338285
গুঞ্জন,0.00035855145213338285
ইমরানের,0.00035855145213338285
সুরে,0.00035855145213338285
তাহসান,0.00035855145213338285
প্রথমবার,0.00035855145213338285
মা,0.00035855145213338285
হারালেন,0.00035855145213338285
বাপ্পী,0.00035855145213338285
ইসরাইলি,0.00035855145213338285
সেনাদের,0.00035855145213338285
গুলিতে,0.00035855145213338285
চোখের,0.00035855145213338285
শিশু,0.00035855145213338285
মেয়েকে,0.00035855145213338285
হারানোর,0.00035855145213338285
বর্ণনা,0.00035855145213338285
পিতা,0.00035855145213338285
ঘটনার,0.00035855145213338285
তদন্ত,0.00035855145213338285
শেষ,0.00035855145213338285
হয়নি,0.00035855145213338285
এক,0.00035855145213338285
বছরেও,0.00035855145213338285
বিয়ে,0.00035855145213338285
বিয়েতে,0.00035855145213338285
নেচে,0.00035855145213338285
৪,0.00035855145213338285
অন্যরকম,0.00035855145213338285
সময়,0.00035855145213338285
গ্যাস,0.00035855145213338285
বিদ্যুতের,0.00035855145213338285
মূল্যবৃদ্ধি,0.00035855145213338285
মড়ার,0.00035855145213338285
খাঁড়ার,0.00035855145213338285
ঘা,0.00035855145213338285
মুন্সীগঞ্জে,0.00035855145213338285
অস্ত্র,0.00035855145213338285
মাদক,0.00035855145213338285
মামলায়,0.00035855145213338285
আপন,0.00035855145213338285
৩,0.00035855145213338285
ভাইসহ,0.00035855145213338285
৫,0.00035855145213338285
যাবজ্জীবন,0.00035855145213338285
কারাদণ্ড,0.00035855145213338285
বোয়ালমারীতে,0.00035855145213338285
ত্রিমুখী,0.00035855145213338285
সংঘর্ষে,0.00035855145213338285
চাচা,0.00035855145213338285
ভাতিজা,0.00035855145213338285
নিহত,0.00035855145213338285
বরগুনায়,0.00035855145213338285
সাংবাদিক,0.00035855145213338285
হত্যার,0.00035855145213338285
বিচারের,0.00035855145213338285
দাবিতে,0.00035855145213338285
মানববন্ধন,0.00035855145213338285
অভিযানের,0.00035855145213338285
নামে,0.00035855145213338285
তাণ্ডব,0.00035855145213338285
চলছে-,0.00035855145213338285
রেস্তরাঁ,0.00035855145213338285
মালিক,0.00035855145213338285
সমিতি,0.00035855145213338285
ছোট,0.00035855145213338285
পর্দায়,0.00035855145213338285
আজকের,0.00035855145213338285
খেলা,0.00035855145213338285
শক্তি,0.00035855145213338285
পরিচালিত,0.00035855145213338285
চাই,0.00035855145213338285
আনোয়ার,0.00035855145213338285
ইব্রাহিম,0.00035855145213338285
ওআইসি,0.00035855145213338285
সম্মেলন,0.00035855145213338285
গাজা,0.00035855145213338285
সঙ্কটের,0.00035855145213338285
অবসানে,0.00035855145213338285
সম্ভাব্য,0.00035855145213338285
বিকল্প,0.00035855145213338285
খোঁজার,0.00035855145213338285
আহ্বান,0.00035855145213338285
পররাষ্ট্রমন্ত্রীর,0.00035855145213338285
সুপার,0.00035855145213338285
টুয়েসডে’তে,0.00035855145213338285
বাইডেন,0.00035855145213338285
ট্রাম্পের,0.00035855145213338285
জয়জয়কার,0.00035855145213338285
রাখাইন,0.00035855145213338285
রাজ্যের,0.00035855145213338285
সম্পূর্ণ,0.00035855145213338285
নিয়ন্ত্রণের,0.00035855145213338285
লড়াই,0.00035855145213338285
অঙ্গীকার,0.00035855145213338285
আরাকান,0.00035855145213338285
আর্মির,0.00035855145213338285
রাশিয়ায়,0.00035855145213338285
বিপাকে,0.00035855145213338285
জোর,0.00035855145213338285
নামানো,0.00035855145213338285
যুদ্ধে,0.00035855145213338285
অভিযোগ,0.00035855145213338285
পর্যটকদের,0.00035855145213338285
৩৪,0.00035855145213338285
০০০,0.00035855145213338285
বার্গার,0.00035855145213338285
খেয়ে,0.00035855145213338285
গিনেস,0.00035855145213338285
ওয়ার্ল্ড,0.00035855145213338285
রেকর্ড,0.00035855145213338285
ট্যানারি,0.00035855145213338285
ব্যবসায়ীদের,0.00035855145213338285
স্বল্পকালীন,0.00035855145213338285
পরিবেশ,0.00035855145213338285
সনদ,0.00035855145213338285
দেয়া,0.00035855145213338285
সালমান,0.00035855145213338285
এফ,0.00035855145213338285
রহমান,0.00035855145213338285
নির্বাচন,0.00035855145213338285
হারবেন,0.00035855145213338285
জেলেনস্কি,0.00035855145213338285
জরিপ,0.00035855145213338285
জমি,0.00035855145213338285
সংক্রান্ত,0.00035855145213338285
বিরোধের,0.00035855145213338285
জের,0.00035855145213338285
মুক্তিযোদ্ধাকে,0.00035855145213338285
কুপিয়ে,0.00035855145213338285
জখম,0.00035855145213338285
প্রচলিত,0.00035855145213338285
শিক্ষাব্যবস্থা,0.00035855145213338285
করণীয়,0.00035855145213338285
ভি,0.00035855145213338285
সিরিজের,0.00035855145213338285
স্মার্টফোন,0.00035855145213338285
এনেছে,0.00035855145213338285
ভিভো,0.00035855145213338285
গুগল,0.00035855145213338285
ড্রাইভে,0.00035855145213338285
আসছে,0.00035855145213338285
ফিচার,0.00035855145213338285
পরিবেশবান্ধব,0.00035855145213338285
জ্বালানিতে,0.00035855145213338285
গুরুত্ব,0.00035855145213338285
দিচ্ছে,0.00035855145213338285
গ্রামীণফোন,0.00035855145213338285
রেলওয়ের,0.00035855145213338285
টিকিটে,0.00035855145213338285
কালোবাজারি,0.00035855145213338285
ডিজিটাল,0.00035855145213338285
প্রতারণা,0.00035855145213338285
ছাত্রের,0.00035855145213338285
ওপর,0.00035855145213338285
চালালেন,0.00035855145213338285
শিক্ষক,0.00035855145213338285
মেডিক্যাল,0.00035855145213338285
কলেজে,0.00035855145213338285
কারা,0.00035855145213338285
নিয়োগ,0.00035855145213338285
পাচ্ছেন,0.00035855145213338285
রাসূলের,0.00035855145213338285
সা,0.00035855145213338285
অতি,0.00035855145213338285
প্রিয়,0.00035855145213338285
মাস,0.00035855145213338285
শাবান,0.00035855145213338285
আল্লাহর,0.00035855145213338285
হাতে,0.00035855145213338285
পুরস্কার,0.00035855145213338285
প্রশ্নোত্তর,0.00035855145213338285
হাদিসের,0.00035855145213338285
কথা,0.00035855145213338285
আল,0.00035855145213338285
কুরআনের,0.00035855145213338285
বাণী,0.00035855145213338285
রামসে,0.00035855145213338285
হান্ট,0.00035855145213338285
সিন্ড্রোম,0.00035855145213338285
ঋতু,0.00035855145213338285
পরিবর্তনে,0.00035855145213338285
স্বাস্থ্য,0.00035855145213338285
সমস্যা,0.00035855145213338285
ইতিহাসে,0.00035855145213338285
ছবি,0.00035855145213338285
ছবি,0.00035855145213338285
অজানা,0.00035855145213338285
চিপমাঙ্ক,0.00035855145213338285
চী,0.00035855145213338285
ন,0.00035855145213338285
দে,0.00035855145213338285
শে,0.00035855145213338285
রূ,0.00035855145213338285
প,0.00035855145213338285
ক,0.00035855145213338285
থা,0.00035855145213338285
মাথাওয়ালা,0.00035855145213338285
বাজপাখি,0.00035855145213338285
যাযাবর,0.00035855145213338285
জারোয়া,0.00035855145213338285
হ্যারিসের,0.00035855145213338285
সাথে,0.00035855145213338285
গ্যান্টজের,0.00035855145213338285
বৈঠক,0.00035855145213338285
নেতানিয়াহুকে,0.00035855145213338285
সরানোর,0.00035855145213338285
মার্কিন,0.00035855145213338285
ইঙ্গিত,0.00035855145213338285
দুর্নীতি,0.00035855145213338285
মানবাধিকার,0.00035855145213338285
লঙ্ঘন,0.00035855145213338285
জিম্বাবুয়ের,0.00035855145213338285
প্রেসিডেন্টের,0.00035855145213338285
ওপর,0.00035855145213338285
যুক্তরাষ্ট্রের,0.00035855145213338285
নিষেধাজ্ঞা,0.00035855145213338285
তাইওয়ানে,0.00035855145213338285
চীনকে,0.00035855145213338285
মোকাবেলায়,0.00035855145213338285
যুক্তরাষ্ট্রের,0.00035855145213338285
কৌশল,0.00035855145213338285
শাহবাজ,0.00035855145213338285
শরিফকে,0.00035855145213338285
বিশ্বনেতাদের,0.00035855145213338285
অভিনন্দন,0.00035855145213338285
দ,0.00035855145213338285
কোরিয়া,0.00035855145213338285
যুক্তরাষ্ট্রের,0.00035855145213338285
সামরিক,0.00035855145213338285
মহড়া,0.00035855145213338285
পিয়ংইয়ংয়ের,0.00035855145213338285
হুঁশিয়ারি,0.00035855145213338285
ইয়েমেনে,0.00035855145213338285
হাউছি,0.00035855145213338285
লক্ষ্যবস্তুতে,0.00035855145213338285
আবারো,0.00035855145213338285
বিমান,0.00035855145213338285
হামলা,0.00035855145213338285
ইউক্রেন,0.00035855145213338285
অবশ্যই,0.00035855145213338285
রাশিয়ার,0.00035855145213338285
অংশ,0.00035855145213338285
শান্তি,0.00035855145213338285
আলোচনা,0.00035855145213338285
মেদভেদেভ,0.00035855145213338285
চীনের,0.00035855145213338285
সাথে,0.00035855145213338285
মালদ্বীপের,0.00035855145213338285
প্রতিরক্ষা,0.00035855145213338285
চুক্তি,0.00035855145213338285
সই,0.00035855145213338285
মিরসরাইয়ে,0.00035855145213338285
৫০০,0.00035855145213338285
শিক্ষার্থীর,0.00035855145213338285
রক্তের,0.00035855145213338285
গ্রুপ,0.00035855145213338285
নির্ণয়,0.00035855145213338285
করল,0.00035855145213338285
সেবা,0.00035855145213338285
হাসপাতাল,0.00035855145213338285
শৈলকুপায়,0.00035855145213338285
হোঁচট,0.00035855145213338285
খেয়ে,0.00035855145213338285
পড়ে,0.00035855145213338285
শিশুর,0.00035855145213338285
মৃত্যু,0.00035855145213338285
গোবিন্দগঞ্জে,0.00035855145213338285
বৈদ্যুতিক,0.00035855145213338285
মিটার,0.00035855145213338285
চুরির,0.00035855145213338285
হিড়িক,0.00035855145213338285
পাংশায়,0.00035855145213338285
সাঁতার,0.00035855145213338285
কাটতে,0.00035855145213338285
লাশ,0.00035855145213338285
এসএসসি,0.00035855145213338285
পরীক্ষার্থী,0.00035855145213338285
কাট্টলী,0.00035855145213338285
বিল,0.00035855145213338285
মায়াবী,0.00035855145213338285
রূপ,0.00035855145213338285
উজিরপুরে,0.00035855145213338285
গার্ডার,0.00035855145213338285
ব্রিজ,0.00035855145213338285
নির্মাণকাজ,0.00035855145213338285
৬,0.00035855145213338285
মাস,0.00035855145213338285
বন্ধ,0.00035855145213338285
অপরিকল্পিত,0.00035855145213338285
রাসায়নিক,0.00035855145213338285
প্রয়োগ,0.00035855145213338285
রাঙ্গাবালীতে,0.00035855145213338285
তরমুজচাষিদের,0.00035855145213338285
স্বপ্নভঙ্গ,0.00035855145213338285
উল্টো,0.00035855145213338285
পথেই,0.00035855145213338285
শেয়ারবাজার,0.00035855145213338285
স্নায়ু,0.00035855145213338285
চাপে,0.00035855145213338285
বিনিয়োগকারীরা,0.00035855145213338285
দেড়,0.00035855145213338285
ঘণ্টায়,0.00035855145213338285
৩৩০,0.00035855145213338285
৮৮,0.00035855145213338285
লাখ,0.00035855145213338285
টাকার,0.00035855145213338285
শেয়ার,0.00035855145213338285
হাতবদল,0.00035855145213338285
দেশীয়,0.00035855145213338285
পণ্যকে,0.00035855145213338285
গুরুত্ব,0.00035855145213338285
দেয়ার,0.00035855145213338285
আহ্বান,0.00035855145213338285
চট্টগ্রামে,0.00035855145213338285
ওয়ালটনের,0.00035855145213338285
ননস্টপ,0.00035855145213338285
মিলিয়নিয়ার,0.00035855145213338285
ক্যাম্পেইনের,0.00035855145213338285
প্রচারণায়,0.00035855145213338285
দেশীয়,0.00035855145213338285
পণ্যকে,0.00035855145213338285
গুরুত্ব,0.00035855145213338285
দেয়ার,0.00035855145213338285
আহ্বান,0.00035855145213338285
এআইআইবি’র,0.00035855145213338285
বাজেট,0.00035855145213338285
সহায়তা,0.00035855145213338285
চেয়েছে,0.00035855145213338285
সরকার,0.00035855145213338285
জলবায়ু,0.00035855145213338285
অবকাঠামোগত,0.00035855145213338285
খাতে,0.00035855145213338285
অর্থায়নে,0.00035855145213338285
আগ্রহী,0.00035855145213338285
এআইআইবি,0.00035855145213338285
অর্থমন্ত্রী,0.00035855145213338285
বাংলাদেশের,0.00035855145213338285
উন্নয়ন,0.00035855145213338285
সহযোগী,0.00035855145213338285
চাই,0.00035855145213338285
রজত,0.00035855145213338285
মিশ্র,0.00035855145213338285
বিইউএফটি,0.00035855145213338285
বাংলাদেশ,0.00035855145213338285
এনআইএফটি,0.00035855145213338285
নেপালের,0.00035855145213338285
এনসিএফটির,0.00035855145213338285
সাথে,0.00035855145213338285
সমঝোতা,0.00035855145213338285
চুক্তি,0.00035855145213338285
ডায়াবেটিক,0.00035855145213338285
রোগীর,0.00035855145213338285
গ্লুকোজ,0.00035855145213338285
নির্ণয়ে,0.00035855145213338285
স্কয়ার,0.00035855145213338285
এলো,0.00035855145213338285
স্মার্ট,0.00035855145213338285
গ্লুকোমিটার,0.00035855145213338285
কনটোর,0.00035855145213338285
প্লাস,0.00035855145213338285
এলিট,0.00035855145213338285
ইসলামী,0.00035855145213338285
ব্যাংকের,0.00035855145213338285
কর্মকর্তা,0.00035855145213338285
সম্মেলন,0.00035855145213338285
অনুষ্ঠিত,0.00035855145213338285
জামালপুরে,0.00035855145213338285
হিজড়া,0.00035855145213338285
জনগোষ্ঠীর,0.00035855145213338285
আর্থসামাজিক,0.00035855145213338285
উন্নয়নে,0.00035855145213338285
মতবিনিময়,0.00035855145213338285
সভা,0.00035855145213338285
ঠাকুরগাঁওয়ে,0.00035855145213338285
পিকনিকের,0.00035855145213338285
বাস,0.00035855145213338285
খাদে,0.00035855145213338285
আহত,0.00035855145213338285
৫৫,0.00035855145213338285
অর্ধশত,0.00035855145213338285
টাকার,0.00035855145213338285
দেনায়,0.00035855145213338285
জর্জরিত,0.00035855145213338285
২,0.00035855145213338285
সহস্রাধিক,0.00035855145213338285
পরিবার,0.00035855145213338285
পিরোজপুরে,0.00035855145213338285
বন্ধ,0.00035855145213338285
হয়ে,0.00035855145213338285
৭,0.00035855145213338285
শতাধিক,0.00035855145213338285
পোলট্রি,0.00035855145213338285
খামার,0.00035855145213338285
বিএনপির,0.00035855145213338285
কেন্দ্রীয়,0.00035855145213338285
নেতা,0.00035855145213338285
মাওলানা,0.00035855145213338285
শামীমের,0.00035855145213338285
ইমু,0.00035855145213338285
আইডি,0.00035855145213338285
হ্যাক,0.00035855145213338285
চিটাগং,0.00035855145213338285
শপিং,0.00035855145213338285
কমপ্লেক্স,0.00035855145213338285
মালিক,0.00035855145213338285
সমিতির,0.00035855145213338285
আহ্বায়ক,0.00035855145213338285
ইদ্রিস,0.00035855145213338285
মিয়া,0.00035855145213338285
সিরাজগঞ্জে,0.00035855145213338285
স্কুলছাত্রকে,0.00035855145213338285
অপহরণের,0.00035855145213338285
হত্যার,0.00035855145213338285
দায়ে,0.00035855145213338285
২,0.00035855145213338285
যাবজ্জীবন,0.00035855145213338285
মুরাদনগরে,0.00035855145213338285
নবনির্বাচিত,0.00035855145213338285
সংসদ,0.00035855145213338285
সদস্যকে,0.00035855145213338285
সংবর্ধনা,0.00035855145213338285
বিয়েপাগল,0.00035855145213338285
শহীদুল,0.00035855145213338285
১৭তম,0.00035855145213338285
বিয়ে,0.00035855145213338285
১৬তম,0.00035855145213338285
স্ত্রীকে,0.00035855145213338285
নির্যাতন,0.00035855145213338285
নেত্রকোনায়,0.00035855145213338285
সাবরেজিস্টার,0.00035855145213338285
অফিস,0.00035855145213338285
শহরের,0.00035855145213338285
প্রাণকেন্দ্রে,0.00035855145213338285
স্থাপনের,0.00035855145213338285
দাবিতে,0.00035855145213338285
মানববন্ধন,0.00035855145213338285
চোখে,0.00035855145213338285
মুখে,0.00035855145213338285
চিন্তার,0.00035855145213338285
ভাঁজ,0.00035855145213338285
বগুড়ার,0.00035855145213338285
শেরপুরে,0.00035855145213338285
আলু,0.00035855145213338285
চাষে,0.00035855145213338285
লোকসানের,0.00035855145213338285
আশঙ্কা,0.00035855145213338285
হোসেনপুরে,0.00035855145213338285
ধনিয়া,0.00035855145213338285
চাষে,0.00035855145213338285
লাভবান,0.00035855145213338285
কৃষকরা,0.00035855145213338285
মেহেরপুরে,0.00035855145213338285
বৃদ্ধি,0.00035855145213338285
পেয়েছে,0.00035855145213338285
বিষপাতা,0.00035855145213338285
তামাক,0.00035855145213338285
চাষ,0.00035855145213338285
দ্য,0.00035855145213338285
হানড্রেড,0.00035855145213338285
ড্রাফটে,0.00035855145213338285
সাকিব,0.00035855145213338285
জাহানারা,0.00035855145213338285
বিশ্বকাপ,0.00035855145213338285
ব্যর্থতায়,0.00035855145213338285
২,0.00035855145213338285
পরিচালক,0.00035855145213338285
দু’দিন,0.00035855145213338285
পেছাল,0.00035855145213338285
ডিপিএল,0.00035855145213338285
ছক্কায়,0.00035855145213338285
ভাঙল,0.00035855145213338285
স্পন্সরের,0.00035855145213338285
গাড়ি,0.00035855145213338285
বিপিএল,0.00035855145213338285
খেলতে,0.00035855145213338285
চায়,0.00035855145213338285
নোয়াখালী,0.00035855145213338285
বাফুফে,0.00035855145213338285
এলিট,0.00035855145213338285
জয়ী,0.00035855145213338285
লিগ,0.00035855145213338285
জমিয়ে,0.00035855145213338285
দিলো,0.00035855145213338285
আর্সেনাল,0.00035855145213338285
ভারতকে,0.00035855145213338285
হারিয়ে,0.00035855145213338285
ফাইনালে,0.00035855145213338285
বাংলাদেশ,0.00035855145213338285
গোপিনাথপুর,0.00035855145213338285
তালিমুল,0.00035855145213338285
মিল্লাত,0.00035855145213338285
মাদরাসায়,0.00035855145213338285
ওয়াজ,0.00035855145213338285
মাহফিল,0.00035855145213338285
বিদেশীদের,0.00035855145213338285
নালিশ,0.00035855145213338285
লাভ,0.00035855145213338285
প্রধানমন্ত্রী,0.00035855145213338285
সিলেটে,0.00035855145213338285
মামার,0.00035855145213338285
হাতে,0.00035855145213338285
ভাগনে,0.00035855145213338285
খুন,0.00035855145213338285
ঢাবি,0.00035855145213338285
পরিসংখ্যান,0.00035855145213338285
বিভাগের,0.00035855145213338285
নবীনবরণ,0.00035855145213338285
অনুষ্ঠিত,0.00035855145213338285
সিলেটে,0.00035855145213338285
মামলার,0.00035855145213338285
হাজিরা,0.00035855145213338285
যাওয়ার,0.00035855145213338285
পথে,0.00035855145213338285
যুবক,0.00035855145213338285
খুন,0.00035855145213338285
শিপিং,0.00035855145213338285
রিপোর্টার্স,0.00035855145213338285
ফোরামের,0.00035855145213338285
সভাপতি,0.00035855145213338285
ফারুক,0.00035855145213338285
সম্পাদক,0.00035855145213338285
আফরিন,0.00035855145213338285
ওফা,0.00035855145213338285
সিজিবির,0.00035855145213338285
নেতৃত্বে,0.00035855145213338285
মেজর,0.00035855145213338285
জেনারেল,0.00035855145213338285
মতিন,0.00035855145213338285
শাহরিয়ার,0.00035855145213338285
ব্যক্তিগত,0.00035855145213338285
অর্পিত,0.00035855145213338285
সম্পত্তি,0.00035855145213338285
আলাদা,0.00035855145213338285
চিহ্নিত,0.00035855145213338285
থাকলে,0.00035855145213338285
ব্যবস্থা,0.00035855145213338285
নেবেন,0.00035855145213338285
এসিল্যান্ড,0.00035855145213338285
ভূমি,0.00035855145213338285
মন্ত্রণালয়ের,0.00035855145213338285
পরিপত্র,0.00035855145213338285
সংবাদ,0.00035855145213338285
সম্মেলনে,0.00035855145213338285
মালিক,0.00035855145213338285
সমিতি,0.00035855145213338285
হয়রানি,0.00035855145213338285
যত্রতত্র,0.00035855145213338285
রেস্তোরাঁ,0.00035855145213338285
বন্ধে,0.00035855145213338285
নীতিমালার,0.00035855145213338285
দাবি,0.00035855145213338285
আনসার,0.00035855145213338285
পুলিশ,0.00035855145213338285
র‌্যাবের,0.00035855145213338285
অভিযান,0.00035855145213338285
একটু,0.00035855145213338285
বাড়াবাড়ি,0.00035855145213338285
রংপুর,0.00035855145213338285
বরিশালের,0.00035855145213338285
৯২২,0.00035855145213338285
অবৈধ,0.00035855145213338285
ইটভাটা,0.00035855145213338285
উচ্ছেদের,0.00035855145213338285
নির্দেশ,0.00035855145213338285
স্কুলছাত্রকে,0.00035855145213338285
হত্যার,0.00035855145213338285
লাশ,0.00035855145213338285
পুঁতে,0.00035855145213338285
মুরগির,0.00035855145213338285
ঘরে,0.00035855145213338285
স্বাস্থ্যের,0.00035855145213338285
আবজাল,0.00035855145213338285
স্ত্রীর,0.00035855145213338285
বিরুদ্ধে,0.00035855145213338285
দুদকের,0.00035855145213338285
চার্জশিট,0.00035855145213338285
ক্লাসের,0.00035855145213338285
নামে,0.00035855145213338285
কোচিং,0.00035855145213338285
বাণিজ্য,0.00035855145213338285
বন্ধের,0.00035855145213338285
নির্দেশ,0.00035855145213338285
ইউনিপে,0.00035855145213338285
টু’র,0.00035855145213338285
৪২০,0.00035855145213338285
টাকা,0.00035855145213338285
সরকারি,0.00035855145213338285
কোষাগারে,0.00035855145213338285
স্থানান্তরের,0.00035855145213338285
নির্দেশ,0.00035855145213338285
শোক,0.00035855145213338285
সংবাদ,0.00035855145213338285
মিরসরাইয়ে,0.00035855145213338285
পানিতে,0.00035855145213338285
ডুবে,0.00035855145213338285
শিশুর,0.00035855145213338285
মৃত্যু,0.00035855145213338285
মেডিক্যাল,0.00035855145213338285
কলেজ,0.00035855145213338285
শিক্ষকের,0.00035855145213338285
গুলিতে,0.00035855145213338285
ছাত্র,0.00035855145213338285
আহতের,0.00035855145213338285
প্রতিবাদ,0.00035855145213338285
ছাত্রশিবিরের,0.00035855145213338285
সন্দ্বীপে,0.00035855145213338285
আশ্রয়ণ,0.00035855145213338285
২,0.00035855145213338285
প্রকল্পের,0.00035855145213338285
৬৮টি,0.00035855145213338285
পাকা,0.00035855145213338285
ব্যারাক,0.00035855145213338285
হাউজ,0.00035855145213338285
হস্তান্তর,0.00035855145213338285
নৌবাহিনীর,0.00035855145213338285
মেসি,0.00035855145213338285
মেসি,0.00035855145213338285
সে্লাগান,0.00035855145213338285
শুনল,0.00035855145213338285
রোনালদো,0.00035855145213338285
হালুয়াঘাটে,0.00035855145213338285
হাতির,0.00035855145213338285
পায়ে,0.00035855145213338285
পিষ্ট,0.00035855145213338285
হয়ে,0.00035855145213338285
যুবকের,0.00035855145213338285
মৃত্যু,0.00035855145213338285
রমজানে,0.00035855145213338285
হাইকোর্টের,0.00035855145213338285
সময়সূচি,0.00035855145213338285
অর্থপাচারের,0.00035855145213338285
মামলায়,0.00035855145213338285
আরিফুর,0.00035855145213338285
রহমান,0.00035855145213338285
দোলন,0.00035855145213338285
কারাগারে,0.00035855145213338285
সম্রাটের,0.00035855145213338285
বিরুদ্ধে,0.00035855145213338285
অভিযোগ,0.00035855145213338285
গঠনের,0.00035855145213338285
শুনানি,0.00035855145213338285
২১,0.00035855145213338285
এপ্রিল,0.00035855145213338285
নিকলীতে,0.00035855145213338285
ইলমে,0.00035855145213338285
তাসাউফ,0.00035855145213338285
শিক্ষার,0.00035855145213338285
মাহফিল,0.00035855145213338285
কাল,0.00035855145213338285
অধ্যাপক,0.00035855145213338285
আতিকুল,0.00035855145213338285
ইসলামকে,0.00035855145213338285
তৃতীয়,0.00035855145213338285
মেয়াদে,0.00035855145213338285
নর্থ,0.00035855145213338285
সাউথের,0.00035855145213338285
ভিসি,0.00035855145213338285
পদে,0.00035855145213338285
নিয়োগ,0.00035855145213338285
কক্সবাজারে,0.00035855145213338285
প্রতারক,0.00035855145213338285
চক্রের,0.00035855145213338285
৬,0.00035855145213338285
আটক,0.00035855145213338285
মাতামুহুরী,0.00035855145213338285
নদীতে,0.00035855145213338285
নিখোঁজ,0.00035855145213338285
এক,0.00035855145213338285
জেলের,0.00035855145213338285
লাশ,0.00035855145213338285
উদ্ধার,0.00035855145213338285
সাতকানিয়ায়,0.00035855145213338285
নদীতে,0.00035855145213338285
গোসল,0.00035855145213338285
ভাইয়ের,0.00035855145213338285
মৃত্যু,0.00035855145213338285
বিশ্বের,0.00035855145213338285
দ্বিতীয়,0.00035855145213338285
দামি,0.00035855145213338285
ভবন,0.00035855145213338285
হেলথ,0.00035855145213338285
টিপস,0.00035855145213338285
গ্যাসের,0.00035855145213338285
ওষুধেও,0.00035855145213338285
বিপদ,0.00035855145213338285
অতি,0.00035855145213338285
ঝুঁকিপূর্ণ,0.00035855145213338285
ভবনের,0.00035855145213338285
বিষয়ে,0.00035855145213338285
ব্যবস্থা,0.00035855145213338285
চুন্নু,0.00035855145213338285
পুরান,0.00035855145213338285
ঢাকার,0.00035855145213338285
কেমিক্যাল,0.00035855145213338285
ফ্যাক্টরিগুলো,0.00035855145213338285
সরাতে,0.00035855145213338285
তারানা,0.00035855145213338285
সুপ্রিম,0.00035855145213338285
কোর্ট,0.00035855145213338285
নির্বাচন,0.00035855145213338285
সুষ্ঠু,0.00035855145213338285
ভোট,0.00035855145213338285
আ’লীগ,0.00035855145213338285
বিএনপিসহ,0.00035855145213338285
পক্ষই,0.00035855145213338285
বুড়িগঙ্গা,0.00035855145213338285
রক্ষায়,0.00035855145213338285
৫,0.00035855145213338285
সুপারিশ,0.00035855145213338285
বছর,0.00035855145213338285
ফেব্রুয়ারিতে,0.00035855145213338285
এসএসসি,0.00035855145213338285
এপ্রিলে,0.00035855145213338285
এইচএসসি,0.00035855145213338285
পরীক্ষা,0.00035855145213338285
হওয়ার,0.00035855145213338285
সম্ভাবনা,0.00035855145213338285
রাজধানীর,0.00035855145213338285
খালগুলো,0.00035855145213338285
সংস্কার,0.00035855145213338285
অবৈধ,0.00035855145213338285
দখলমুক্ত,0.00035855145213338285
কার্যক্রম,0.00035855145213338285
চলছে,0.00035855145213338285
এলজিআরডি,0.00035855145213338285
মন্ত্রী,0.00035855145213338285
মহানগরী,0.00035855145213338285
জেলা,0.00035855145213338285
আমির,0.00035855145213338285
সম্মেলনে,0.00035855145213338285
অধ্যাপক,0.00035855145213338285
মুজিব,0.00035855145213338285
প্রহসনের,0.00035855145213338285
নির্বাচনে,0.00035855145213338285
গঠিত,0.00035855145213338285
সংসদ,0.00035855145213338285
বাতিল,0.00035855145213338285
সরকারি,0.00035855145213338285
নির্দেশনা,0.00035855145213338285
অমান্য,0.00035855145213338285
বেনাপোল,0.00035855145213338285
বন্দরে,0.00035855145213338285
সন্ধ্যার,0.00035855145213338285
পচনশীল,0.00035855145213338285
পণ্য,0.00035855145213338285
প্রবেশে,0.00035855145213338285
নিষেধাজ্ঞা,0.00035855145213338285
শিক্ষার্থীকে,0.00035855145213338285
বীমার,0.00035855145213338285
আওতায়,0.00035855145213338285
আনতে,0.00035855145213338285
চায়,0.00035855145213338285
সরকার,0.00035855145213338285
অনিবন্ধিত,0.00035855145213338285
অনলাইন,0.00035855145213338285
পোর্টালকে,0.00035855145213338285
শৃঙ্খলার,0.00035855145213338285
আনা,0.00035855145213338285
তথ্য,0.00035855145213338285
প্রতিমন্ত্রী,0.00035855145213338285
প্রবাসী,0.00035855145213338285
৪,0.00035855145213338285
ভাইয়ের,0.00035855145213338285
উদ্যোগে,0.00035855145213338285
দৃষ্টিনন্দন,0.00035855145213338285
মসজিদ,0.00035855145213338285
যশোরে,0.00035855145213338285
১০,0.00035855145213338285
দিনের,0.00035855145213338285
ঢাকার,0.00035855145213338285
অগ্নিঝুঁকিপূর্ণ,0.00035855145213338285
ভবনের,0.00035855145213338285
তালিকা,0.00035855145213338285
রাজউক,0.00035855145213338285
চেয়ারম্যান,0.00035855145213338285
নারায়ণগঞ্জে,0.00035855145213338285
শিশু,0.00035855145213338285
জয়ন্ত,0.00035855145213338285
হত্যা,0.00035855145213338285
মামলায়,0.00035855145213338285
৪,0.00035855145213338285
মৃত্যুদণ্ড,0.00035855145213338285
শেষ,0.00035855145213338285
দিনে,0.00035855145213338285
ডিসিদের,0.00035855145213338285
৫১,0.00035855145213338285
প্রস্তাব,0.00035855145213338285
উঠছে,0.00035855145213338285
রাজধানীজুড়ে,0.00035855145213338285
রেস্তোরাঁয়,0.00035855145213338285
অভিযান,0.00035855145213338285
ক্ষমতা,0.00035855145213338285
ছেড়ে,0.00035855145213338285
সুষ্ঠু,0.00035855145213338285
নির্বাচনের,0.00035855145213338285
ঘোষণা,0.00035855145213338285
ড.,0.00035855145213338285
মঈন,0.00035855145213338285
খান,0.00035855145213338285
বাস,0.00035855145213338285
কোম্পানির,0.00035855145213338285
৮০,0.00035855145213338285
শতাংশের,0.00035855145213338285
মালিক,0.00035855145213338285
ক্ষমতাসীন,0.00035855145213338285
দলের,0.00035855145213338285
ব্যক্তি,0.00035855145213338285
মর্গে,0.00035855145213338285
পড়ে,0.00035855145213338285
অভিশ্রুতি,0.00035855145213338285
অজ্ঞাত,0.00035855145213338285
লাশের,0.00035855145213338285
সুরাহা,0.00035855145213338285
হয়নি,0.00035855145213338285
আত্মসমর্পণের,0.00035855145213338285
কারাগারে,0.00035855145213338285
মেজর,0.00035855145213338285
হাফিজ,0.00035855145213338285
রাজবাড়ীতে,0.00035855145213338285
ডিবি,0.00035855145213338285
পরিচয়ে,0.00035855145213338285
বাড়িতে,0.00035855145213338285
ঢুকে,0.00035855145213338285
বৃদ্ধকে,0.00035855145213338285
মারধর,0.00035855145213338285
হাসপাতালে,0.00035855145213338285
মৃত্যু,0.00035855145213338285
লাইসেন্সবিহীন,0.00035855145213338285
পিস্তল,0.00035855145213338285
দিয়েই,0.00035855145213338285
ছাত্রকে,0.00035855145213338285
ডা,0.00035855145213338285
রায়হান,0.00035855145213338285
শরীফ,0.00035855145213338285
কুপ্রস্তাবের,0.00035855145213338285
অভিযোগও,0.00035855145213338285
সাংবাদিক,0.00035855145213338285
সৈয়দ,0.00035855145213338285
কামাল,0.00035855145213338285
উদ্দিনের,0.00035855145213338285
ইন্তেকাল,0.00035855145213338285
জেল,0.00035855145213338285
ভেঙে,0.00035855145213338285
৩৪১,0.00035855145213338285
পলায়ন,0.00035855145213338285
সীমান্তে,0.00035855145213338285
কঠোর,0.00035855145213338285
নজরদারি,0.00035855145213338285
১৪,0.00035855145213338285
রোহিঙ্গাকে,0.00035855145213338285
ফেরত,0.00035855145213338285
পাঠিয়েছে,0.00035855145213338285
বিজিবি,0.00035855145213338285
দ্বিতীয়,0.00035855145213338285
২০,0.00035855145213338285
সমতায়,0.00035855145213338285
ফিরতে,0.00035855145213338285
মরিয়া,0.00035855145213338285
বাংলাদেশ,0.00035855145213338285
বাংলাদেশের,0.00035855145213338285
শ্রম,0.00035855145213338285
আইন,0.00035855145213338285
আন্তর্জাতিক,0.00035855145213338285
মানে,0.00035855145213338285
উন্নীত,0.00035855145213338285
আহ্বান,0.00035855145213338285
বাইডেনের,0.00035855145213338285
বাণিজ্য,0.00035855145213338285
নীতি,0.00035855145213338285
প্রকাশ,0.00035855145213338285
ফলাফল,0.00035855145213338285
ছাড়াই,0.00035855145213338285
শেষ,0.00035855145213338285
হামাস,0.00035855145213338285
ইসরাইল,0.00035855145213338285
যুদ্ধবিরতি,0.00035855145213338285
আলোচনা,0.00035855145213338285
আগুন,0.00035855145213338285
নিভলে,0.00035855145213338285
উৎপাদনে,0.00035855145213338285
২,0.00035855145213338285
লাগবে,0.00035855145213338285
মাসুদ,0.00035855145213338285
২৪,0.00035855145213338285
ঘণ্টা,0.00035855145213338285
পরও,0.00035855145213338285
আলম,0.00035855145213338285
সুগার,0.00035855145213338285
মিলের,0.00035855145213338285
আগুন,0.00035855145213338285
নিয়ন্ত্রণে,0.00035855145213338285
আসেনি,0.00035855145213338285
ইউনূসের,0.00035855145213338285
বিরুদ্ধে,0.00035855145213338285
মামলায়,0.00035855145213338285
শ্রম,0.00035855145213338285
আইনের,0.00035855145213338285
অপব্যবহার,0.00035855145213338285
হয়ে,0.00035855145213338285
থাকতে,0.00035855145213338285
যুক্তরাষ্ট্র,0.00035855145213338285
দূতাবাস,0.00035855145213338285
কাউন্সিলের,0.00035855145213338285
চিন্তা,0.00035855145213338285
বিএনপি,0.00035855145213338285
গ্যাস,0.00035855145213338285
বিদ্যুতের,0.00035855145213338285
মূল্যবৃদ্ধির,0.00035855145213338285
প্রতিবাদে,0.00035855145213338285
বিক্ষোভ,0.00035855145213338285
কর্মসূচির,0.00035855145213338285
সিদ্ধান্ত,0.00035855145213338285
রমজান,0.00035855145213338285
সচিবদের,0.00035855145213338285
সতর্ক,0.00035855145213338285
থাকার,0.00035855145213338285
নির্দেশনা,0.00035855145213338285
প্রধানমন্ত্রীর,0.00035855145213338285
মাসেই,0.00035855145213338285
বাড়ছে,0.00035855145213338285
ঋণের,0.00035855145213338285
সুদ,0.00035855145213338285
বিপাকে,0.00035855145213338285
বিনিয়োগকারী,0.00035855145213338285
ভোক্তারা,0.00035855145213338285
শাহবাগ,0.00035855145213338285
থানার,0.00035855145213338285
ডাম্পিংয়ে,0.00035855145213338285
আগুন,0.00035855145213338285
পুড়ে,0.00035855145213338285
ছাই,0.00035855145213338285
৯,0.00035855145213338285
গাড়ি,0.00035855145213338285
স্থায়ী,0.00035855145213338285
দ্রুত,0.00035855145213338285
বিচার,0.00035855145213338285
আইন,0.00035855145213338285
সংসদে,0.00035855145213338285
বিল,0.00035855145213338285
পাস,0.00035855145213338285
দুর্নীতি,0.00035855145213338285
রাজনৈতিক,0.00035855145213338285
সমালোচনার,0.00035855145213338285
শিকার,0.00035855145213338285
বিআরআই,0.00035855145213338285
প্রকল্প,0.00035855145213338285
হুয়াওয়ের,0.00035855145213338285
অনুরোধ,0.00035855145213338285
প্রত্যাখ্যান,0.00035855145213338285
রোমানিয়ার,0.00035855145213338285
ভারতীয়,0.00035855145213338285
শ্রমিকদের,0.00035855145213338285
স্বাগত,0.00035855145213338285
জানাবে,0.00035855145213338285
তাইওয়ান,0.00035855145213338285
প্রচলিত,0.00035855145213338285
শিক্ষাব্যবস্থা,0.00035855145213338285
করণীয়,0.00035855145213338285
১৫০০,0.00035855145213338285
দিয়ে,0.00035855145213338285
মাসে,0.00035855145213338285
১০,0.00035855145213338285
লাখ,0.00035855145213338285
টাকার,0.00035855145213338285
ল্যাপটপ,0.00035855145213338285
বিক্রি,0.00035855145213338285
১০,0.00035855145213338285
মের,0.00035855145213338285
মালদ্বীপে,0.00035855145213338285
পোশাকেও,0.00035855145213338285
ভারতীয়,0.00035855145213338285
সৈন্য,0.00035855145213338285
থাকতে,0.00035855145213338285
পারবে,0.00035855145213338285
মুইজ্জু,0.00035855145213338285
নারীরা,0.00035855145213338285
মাইগ্রেনে,0.00035855145213338285
আক্রান্ত,0.00035855145213338285
ইসরাইলের,0.00035855145213338285
তরুণ,0.00035855145213338285
আমেরিকানদের,0.00035855145213338285
সমর্থন,0.00035855145213338285
কমছে,0.00035855145213338285
সহিংসতায়,0.00035855145213338285
মণিপুরে,0.00035855145213338285
১০,0.00035855145213338285
মাসে,0.00035855145213338285
নিহত,0.00035855145213338285
২২১,0.00035855145213338285
আহত,0.00035855145213338285
১৫৫৫,0.00035855145213338285
গাজায়,0.00035855145213338285
স্থায়ী,0.00035855145213338285
যুদ্ধবিরতি,0.00035855145213338285
হামাসের,0.00035855145213338285
বার্তা,0.00035855145213338285
ফোনালাপ,0.00035855145213338285
ফাঁস,0.00035855145213338285
ইউক্রেনকে,0.00035855145213338285
প্রত্যক্ষভাবে,0.00035855145213338285
সাহায্য,0.00035855145213338285
ব্রিটেন,0.00035855145213338285
পরীক্ষার,0.00035855145213338285
মুখে,0.00035855145213338285
বাইডেন,0.00035855145213338285
ট্রাম্প,0.00035855145213338285
সিরিজ,0.00035855145213338285
বাঁচাতে,0.00035855145213338285
মাঠে,0.00035855145213338285
নামছে,0.00035855145213338285
বাংলাদেশ,0.00035855145213338285
ব্রিটেনে,0.00035855145213338285
গির্জাকে,0.00035855145213338285
১০০,0.00035855145213338285
বিলিয়ন,0.00035855145213338285
পাউন্ড,0.00035855145213338285
জরিমানা,0.00035855145213338285
উত্তেজনাপূর্ণ,0.00035855145213338285
ম্যাচে,0.00035855145213338285
মুলতানের,0.00035855145213338285
জয়রথ,0.00035855145213338285
থামালো,0.00035855145213338285
পেশোয়ার,0.00035855145213338285
কারণে,0.00035855145213338285
চাষির,0.00035855145213338285
স্বপ্ন,0.00035855145213338285
মারা,0.00035855145213338285
...,0.00035855145213338285
সিলেটে,0.00035855145213338285
পিকআপের,0.00035855145213338285
ধাক্কায়,0.00035855145213338285
২,0.00035855145213338285
মোটরসাইকেল,0.00035855145213338285
আরোহী,0.00035855145213338285
নিহত,0.00035855145213338285
ঢাকার,0.00035855145213338285
বাতাসের,0.00035855145213338285
মানের,0.00035855145213338285
উন্নতি,0.00035855145213338285
হয়নি,0.00035855145213338285
চোখে,0.00035855145213338285
মুখে,0.00035855145213338285
চিন্তার,0.00035855145213338285
ভাঁজ,0.00035855145213338285
বগুড়ার,0.00035855145213338285
শেরপুরে,0.00035855145213338285
আলু,0.00035855145213338285
চাষে,0.00035855145213338285
লোকসানের,0.00035855145213338285
আশঙ্কা,0.00035855145213338285
ডিএমপির,0.00035855145213338285
অভিযানে,0.00035855145213338285
গ্রেফতার,0.00035855145213338285
৩০,0.00035855145213338285
পণ্য,0.00035855145213338285
মজুদ,0.00035855145213338285
১৯৭৪,0.00035855145213338285
সালের,0.00035855145213338285
ক্ষমতা,0.00035855145213338285
আইনে,0.00035855145213338285
রয়েছে,0.00035855145213338285
এমবাপ্পের,0.00035855145213338285
জোড়া,0.00035855145213338285
গোলে,0.00035855145213338285
চ্যাম্পিয়নস,0.00035855145213338285
লিগের,0.00035855145213338285
শেষ,0.00035855145213338285
আটে,0.00035855145213338285
পিএসজি,0.00035855145213338285
মাদকমুক্ত,0.00035855145213338285
বাংলাদেশ,0.00035855145213338285
গঠনে,0.00035855145213338285
সম্মিলিত,0.00035855145213338285
গণ,0.00035855145213338285
আন্দোলন,0.00035855145213338285
প্রত্যয়,0.00035855145213338285
সংসদ,0.00035855145213338285
সদস্যদের,0.00035855145213338285
ঢাকা,0.00035855145213338285
টাঙ্গাইল,0.00035855145213338285
মহাসড়কে,0.00035855145213338285
দীর্ঘ,0.00035855145213338285
যানজট,0.00035855145213338285
সাতক্ষীরায়,0.00035855145213338285
সড়ক,0.00035855145213338285
দুর্ঘটনায়,0.00035855145213338285
২,0.00035855145213338285
কলেজছাত্র,0.00035855145213338285
নিহত,0.00035855145213338285
চাঁদে,0.00035855145213338285
পরমাণুকেন্দ্র,0.00035855145213338285
গড়ার,0.00035855145213338285
পরিকল্পনা,0.00035855145213338285
রাশিয়ার,0.00035855145213338285
এইচএসসি,0.00035855145213338285
পাসেই,0.00035855145213338285
বসুন্ধরা,0.00035855145213338285
গ্রুপে,0.00035855145213338285
চাকরির,0.00035855145213338285
সুযোগ,0.00035855145213338285
সুপ্রিম,0.00035855145213338285
কোর্ট,0.00035855145213338285
নির্বাচনে,0.00035855145213338285
ভোটগ্রহণ,0.00035855145213338285
ট্রাম্প,0.00035855145213338285
গণতন্ত্র,0.00035855145213338285
ধ্বংসে,0.00035855145213338285
বদ্ধপরিকর,0.00035855145213338285
বাইডেন,0.00035855145213338285
দেবিদ্বারের,0.00035855145213338285
২,0.00035855145213338285
প্রবাসীর,0.00035855145213338285
মৃত্যু,0.00035855145213338285
ঋণের,0.00035855145213338285
বোঝা,0.00035855145213338285
ছাড়া,0.00035855145213338285
রইল,0.00035855145213338285
রাশিয়ার,0.00035855145213338285
শীর্ষ,0.00035855145213338285
কমান্ডারের,0.00035855145213338285
বিরুদ্ধে,0.00035855145213338285
গ্রেফতারি,0.00035855145213338285
পরোয়ানা,0.00035855145213338285
জারি,0.00035855145213338285
আইসিসির,0.00035855145213338285
জয়পুরহাটে,0.00035855145213338285
ফসলের,0.00035855145213338285
মাঠ,0.00035855145213338285
এক,0.00035855145213338285
ব্যক্তির,0.00035855145213338285
লাশ,0.00035855145213338285
উদ্ধার,0.00035855145213338285
রমজানে,0.00035855145213338285
অসাধু,0.00035855145213338285
ব্যবসায়ীদের,0.00035855145213338285
বিরুদ্ধে,0.00035855145213338285
সজাগ,0.00035855145213338285
থাকুন,0.00035855145213338285
র‌্যাবকে,0.00035855145213338285
প্রধানমন্ত্রী,0.00035855145213338285
বায়ার্নকে,0.00035855145213338285
কোর্য়াটার,0.00035855145213338285
ফাইনালের,0.00035855145213338285
টিকেট,0.00035855145213338285
উপহার,0.00035855145213338285
গাজায়,0.00035855145213338285
মানবতার,0.00035855145213338285
পরীক্ষায়,0.00035855145213338285
ব্যর্থ,0.00035855145213338285
বিশ্ব,0.00035855145213338285
নেতারা,0.00035855145213338285
রমজানে,0.00035855145213338285
খাদ্যসামগ্রীর,0.00035855145213338285
দাম,0.00035855145213338285
কমিয়ে,0.00035855145213338285
জনগণের,0.00035855145213338285
পৌঁছানোর,0.00035855145213338285
ব্যবস্থা,0.00035855145213338285
করুন,0.00035855145213338285
আব্দুস,0.00035855145213338285
সবুর,0.00035855145213338285
ফকির,0.00035855145213338285
প্যারিস,0.00035855145213338285
অলিম্পিকের,0.00035855145213338285
উদ্বোধনী,0.00035855145213338285
অনুষ্ঠানের,0.00035855145213338285
টিকেটের,0.00035855145213338285
সংখ্যা,0.00035855145213338285
৩,0.00035855145213338285
লাখ,0.00035855145213338285
২৬,0.00035855145213338285
গরু,0.00035855145213338285
ব্যবসায়ীকে,0.00035855145213338285
হত্যা,0.00035855145213338285
ফেনী,0.00035855145213338285
পৌরসভার,0.00035855145213338285
কাউন্সিলর,0.00035855145213338285
পদ,0.00035855145213338285
পাচ্ছেন,0.00035855145213338285
কালাম,0.00035855145213338285
নূরীর,0.00035855145213338285
মায়ের,0.00035855145213338285
জামিন,0.00035855145213338285
মঞ্জুর,0.00035855145213338285
হারল্যান,0.00035855145213338285
স্টোর,0.00035855145213338285
টাঙ্গাইলের,0.00035855145213338285
ধনবাড়িতে,0.00035855145213338285
সাগরপথে,0.00035855145213338285
গাজায়,0.00035855145213338285
মানবিক,0.00035855145213338285
সহায়তা,0.00035855145213338285
প্রবেশের,0.00035855145213338285
অনুমতি,0.00035855145213338285
স্বাস্থ্য,0.00035855145213338285
পরীক্ষার,0.00035855145213338285
দুবাই,0.00035855145213338285
লন্ডনে,0.00035855145213338285
পৌঁছেছেন,0.00035855145213338285
রাষ্ট্রপতি,0.00035855145213338285
গুলশানে,0.00035855145213338285
কাচ্চি,0.00035855145213338285
ভাইকে,0.00035855145213338285
লাখ,0.00035855145213338285
টাকা,0.00035855145213338285
জরিমানা,0.00035855145213338285
গত,0.00035855145213338285
মৌসুমের,0.00035855145213338285
তুলনায়,0.00035855145213338285
এবারের,0.00035855145213338285
আর্সেনাল,0.00035855145213338285
পরিণত,0.00035855145213338285
ওরাইমোর,0.00035855145213338285
ব্র্যান্ড,0.00035855145213338285
অ্যাম্বাসেডর,0.00035855145213338285
হলেন,0.00035855145213338285
তাহসান,0.00035855145213338285
এখনো,0.00035855145213338285
নিভেনি,0.00035855145213338285
চিনির,0.00035855145213338285
গুদামের,0.00035855145213338285
আগুন,0.00035855145213338285
সংরক্ষিত,0.00035855145213338285
আসন,0.00035855145213338285
পেয়ে,0.00035855145213338285
পাকিস্তানের,0.00035855145213338285
একক,0.00035855145213338285
বৃহত্তম,0.00035855145213338285
দল,0.00035855145213338285
পিএমএলএন,0.00035855145213338285
গোবিন্দগঞ্জে,0.00035855145213338285
পুলিশের,0.00035855145213338285
রেকার,0.00035855145213338285
গাড়ির,0.00035855145213338285
ধাক্কায়,0.00035855145213338285
একজন,0.00035855145213338285
নিহত,0.00035855145213338285
আহত,0.00035855145213338285
২,0.00035855145213338285
জুজুর,0.00035855145213338285
ভয়,0.00035855145213338285
দেখিয়ে,0.00035855145213338285
প্রতারিত,0.00035855145213338285
মঈন,0.00035855145213338285
খান,0.00035855145213338285
সুপার,0.00035855145213338285
টিউসডে,0.00035855145213338285
ভোটে,0.00035855145213338285
জয়,0.00035855145213338285
ট্রাম্প,0.00035855145213338285
বাইডেনের,0.00035855145213338285
সুদানে,0.00035855145213338285
শিগগিরই,0.00035855145213338285
বিশ্বের,0.00035855145213338285
বৃহত্তম,0.00035855145213338285
ক্ষুধা,0.00035855145213338285
সঙ্কট,0.00035855145213338285
বিশ্ব,0.00035855145213338285
খাদ্য,0.00035855145213338285
কর্মসূচি,0.00035855145213338285
যশোরে,0.00035855145213338285
উদীচী,0.00035855145213338285
হত্যাযজ্ঞের,0.00035855145213338285
২৫,0.00035855145213338285
বছর,0.00035855145213338285
ফতুল্লায়,0.00035855145213338285
ঝুটের,0.00035855145213338285
গোডাউনে,0.00035855145213338285
আগুন,0.00035855145213338285
স্বজ্ঞানে,0.00035855145213338285
ইসলাম,0.00035855145213338285
গ্রহণ,0.00035855145213338285
করেছি,0.00035855145213338285
স্বামীর,0.00035855145213338285
মুক্তি,0.00035855145213338285
চাই,0.00035855145213338285
স্নেহা,0.00035855145213338285
দেশে,0.00035855145213338285
আওয়ামী,0.00035855145213338285
স্টাইলের,0.00035855145213338285
গণতন্ত্র,0.00035855145213338285
চলছে,0.00035855145213338285
নজরুল,0.00035855145213338285
ইসলাম,0.00035855145213338285
খান,0.00035855145213338285
কমতে,0.00035855145213338285
রাতের,0.00035855145213338285
তাপমাত্রা,0.00035855145213338285
কুলাউড়া,0.00035855145213338285
রেলওয়ের,0.00035855145213338285
জংশনে,0.00035855145213338285
ট্রেনের,0.00035855145213338285
নিচে,0.00035855145213338285
ঝাপ,0.00035855145213338285
দিয়ে,0.00035855145213338285
এক,0.00035855145213338285
যুবকের,0.00035855145213338285
আত্মহত্যা,0.00035855145213338285
সিদ্ধিরগঞ্জে,0.00035855145213338285
ভুল,0.00035855145213338285
সেটের,0.00035855145213338285
প্রশ্নে,0.00035855145213338285
এসএসসি,0.00035855145213338285
পরীক্ষা,0.00035855145213338285
কেন্দ্র,0.00035855145213338285
সচিবকে,0.00035855145213338285
অব্যাহতি,0.00035855145213338285
বিদ্যুতের,0.00035855145213338285
দাম,0.00035855145213338285
বাড়ানোর,0.00035855145213338285
প্রতিবাদে,0.00035855145213338285
সারাদেশের,0.00035855145213338285
লিফলেট,0.00035855145213338285
বিতরণ,0.00035855145213338285
বিএনপি,0.00035855145213338285
রমজানে,0.00035855145213338285
বিদ্যালয়ে,0.00035855145213338285
সময়সূচি,0.00035855145213338285
গাইবান্ধায়,0.00035855145213338285
যমুনা,0.00035855145213338285
নদীতে,0.00035855145213338285
গোসল,0.00035855145213338285
২,0.00035855145213338285
বন্ধুর,0.00035855145213338285
মৃত্যু,0.00035855145213338285
‌ফেসবুকে,0.00035855145213338285
সমস্যা,0.00035855145213338285
জাকারবার্গের,0.00035855145213338285
ক্ষতি,0.00035855145213338285
১০,0.00035855145213338285
ডলার,0.00035855145213338285
উখিয়ায়,0.00035855145213338285
সড়ক,0.00035855145213338285
দুর্ঘটনায়,0.00035855145213338285
রোহিঙ্গা,0.00035855145213338285
মৌলভি,0.00035855145213338285
নিহত,0.00035855145213338285
আহত,0.00035855145213338285
৫,0.00035855145213338285
আটাব,0.00035855145213338285
নির্বাচনে,0.00035855145213338285
আরেফ,0.00035855145213338285
আফসিয়ার,0.00035855145213338285
গণতান্ত্রিক,0.00035855145213338285
ফ্রন্ট,0.00035855145213338285
পূর্ণ,0.00035855145213338285
প্যানেলে,0.00035855145213338285
জয়ী,0.00035855145213338285
রোজার,0.00035855145213338285
সরকারের,0.00035855145213338285
সিন্ডিকেটের,0.00035855145213338285
সদস্যরা,0.00035855145213338285
আরো,0.00035855145213338285
বেপরোয়া,0.00035855145213338285
উঠেছে,0.00035855145213338285
রিজভী,0.00035855145213338285
আল,0.00035855145213338285
আকসায়,0.00035855145213338285
ফিলিস্তিনিদের,0.00035855145213338285
নামাজ,0.00035855145213338285
পড়ার,0.00035855145213338285
অনুমতি,0.00035855145213338285
দেবে,0.00035855145213338285
ইসরাইল,0.00035855145213338285
নাৎসি,0.00035855145213338285
অপবাদ,0.00035855145213338285
দিয়ে,0.00035855145213338285
ডয়চে,0.00035855145213338285
ভেলে,0.00035855145213338285
বন্ধ,0.00035855145213338285
করল,0.00035855145213338285
ভেনেজুয়েলা,0.00035855145213338285
ভবিষ্যতে,0.00035855145213338285
আদালত,0.00035855145213338285
অবমাননাকর,0.00035855145213338285
দেবো,0.00035855145213338285
ভিপি,0.00035855145213338285
নূর,0.00035855145213338285
ইন্তেফাদা,0.00035855145213338285
শব্দ,0.00035855145213338285
নিষিদ্ধ,0.00035855145213338285
করল,0.00035855145213338285
কেরালা,0.00035855145213338285
বিশ্ববিদ্যালয়,0.00035855145213338285
হারামাইন,0.00035855145213338285
শরিফের,0.00035855145213338285
তারাবির,0.00035855145213338285
ইমামদের,0.00035855145213338285
তালিকা,0.00035855145213338285
প্রকাশ,0.00035855145213338285
নাম,0.00035855145213338285
শায়খ,0.00035855145213338285
ইয়াসির,0.00035855145213338285
দাওসারির,0.00035855145213338285
কেএফসি,0.00035855145213338285
ডোমিনোজ,0.00035855145213338285
পিজ্জাসহ,0.00035855145213338285
চারটি,0.00035855145213338285
রেস্তোরাঁকে,0.00035855145213338285
জরিমানা,0.00035855145213338285
পশ্চিমবঙ্গে,0.00035855145213338285
সন্দেশখালি,0.00035855145213338285
ঝড়,0.00035855145213338285
উঠবে,0.00035855145213338285
মোদি,0.00035855145213338285
হামাসের,0.00035855145213338285
সাথে,0.00035855145213338285
যুদ্ধবিরতি,0.00035855145213338285
হিজবুল্লাহও,0.00035855145213338285
মেনে,0.00035855145213338285
নেবে,0.00035855145213338285
বাকেরগঞ্জে,0.00035855145213338285
হয়রানী,0.00035855145213338285
প্রতিবাদে,0.00035855145213338285
সংবাদ,0.00035855145213338285
সম্মেলন,0.00035855145213338285
ভুক্তভোগীর,0.00035855145213338285
জার্মানির,0.00035855145213338285
শহরে,0.00035855145213338285
শিশুর,0.00035855145213338285
মৃত্যু,0.00035855145213338285
মা,0.00035855145213338285
আটক,0.00035855145213338285
বোয়ালমারীতে,0.00035855145213338285
দৈনিক,0.00035855145213338285
ভোরের,0.00035855145213338285
দর্পণ,0.00035855145213338285
পত্রিকার,0.00035855145213338285
২৪তম,0.00035855145213338285
প্রতিষ্ঠাবার্ষিকী,0.00035855145213338285
পালন,0.00035855145213338285
গ্যাটকো,0.00035855145213338285
মামলা,0.00035855145213338285
খালেদা,0.00035855145213338285
জিয়ার,0.00035855145213338285
বিরুদ্ধে,0.00035855145213338285
শুনানি,0.00035855145213338285
২৪,0.00035855145213338285
এপ্রিল,0.00035855145213338285
শ্রীনগরে,0.00035855145213338285
বেড়াতে,0.00035855145213338285
যুবকের,0.00035855145213338285
আত্মহত্যা,0.00035855145213338285
আয়হাম,0.00035855145213338285
হত্যার,0.00035855145213338285
বিচার,0.00035855145213338285
দাবিতে,0.00035855145213338285
মানববন্ধন,0.00035855145213338285
শিশু,0.00035855145213338285
আহনাফের,0.00035855145213338285
মৃত্যু,0.00035855145213338285
মামলা,0.00035855145213338285
হুমকির,0.00035855145213338285
অভিযোগ,0.00035855145213338285
পরিস্থিতি,0.00035855145213338285
নিয়ন্ত্রণের,0.00035855145213338285
বাইরে,0.00035855145213338285
গেলেই,0.00035855145213338285
সিটি,0.00035855145213338285
নির্বাচনের,0.00035855145213338285
ভোট,0.00035855145213338285
বন্ধ,0.00035855145213338285
ইসি,0.00035855145213338285
আলমগীর,0.00035855145213338285
তালতলীতে,0.00035855145213338285
নিখোঁজের,0.00035855145213338285
১,0.00035855145213338285
শিশুর,0.00035855145213338285
লাশ,0.00035855145213338285
উদ্ধার,0.00035855145213338285
ঈদগাঁওতে,0.00035855145213338285
হাতির,0.00035855145213338285
আক্রমণে,0.00035855145213338285
কাঠুরিয়া,0.00035855145213338285
নিহত,0.00035855145213338285
কুমিল্লায়,0.00035855145213338285
অটোরিকশাচালককে,0.00035855145213338285
হত্যার,0.00035855145213338285
দায়ে,0.00035855145213338285
৩,0.00035855145213338285
মৃত্যুদণ্ড,0.00035855145213338285
টস,0.00035855145213338285
জয়,0.00035855145213338285
অপরিবর্তিত,0.00035855145213338285
একাদশ,0.00035855145213338285
মাঠে,0.00035855145213338285
নেমেছে,0.00035855145213338285
বাংলাদেশ,0.00035855145213338285
পোড়া,0.00035855145213338285
চিনি,0.00035855145213338285
কেমিক্যাল,0.00035855145213338285
ফেলা,0.00035855145213338285
কর্ণফুলীতে,0.00035855145213338285
মরছে,0.00035855145213338285
মাছ,0.00035855145213338285
ইলিশের,0.00035855145213338285
উৎপাদন,0.00035855145213338285
বৃদ্ধিতে,0.00035855145213338285
সরকার,0.00035855145213338285
সকল,0.00035855145213338285
ব্যবস্থা,0.00035855145213338285
গ্রহণ,0.00035855145213338285
প্রাণিসম্পদ,0.00035855145213338285
মন্ত্রী,0.00035855145213338285
কালীগঞ্জে,0.00035855145213338285
ট্রাকের,0.00035855145213338285
ধাক্কায়,0.00035855145213338285
মোটরসাইকেলআরোহী,0.00035855145213338285
নিহত,0.00035855145213338285
সরিষাবাড়ীতে,0.00035855145213338285
ইজিবাইকের,0.00035855145213338285
চাপায়,0.00035855145213338285
মাদরাসা,0.00035855145213338285
ছাত্র,0.00035855145213338285
নিহত,0.00035855145213338285
ভিকারুননিসায়,0.00035855145213338285
১৬৯,0.00035855145213338285
শিক্ষার্থীর,0.00035855145213338285
জায়গায়,0.00035855145213338285
অপেক্ষমাণদের,0.00035855145213338285
ভর্তির,0.00035855145213338285
নির্দেশ,0.00035855145213338285
বন্যপ্রাণী,0.00035855145213338285
সংরক্ষণে,0.00035855145213338285
ডিজিটাল,0.00035855145213338285
প্রযুক্তি,0.00035855145213338285
ব্যবহারের,0.00035855145213338285
উদ্যোগ,0.00035855145213338285
নিয়েছে,0.00035855145213338285
সরকার,0.00035855145213338285
পরিবেশমন্ত্রী,0.00035855145213338285
জলবায়ুর,0.00035855145213338285
পরিবর্তনের,0.00035855145213338285
গ্রামীণ,0.00035855145213338285
নারী,0.00035855145213338285
দরিদ্র,0.00035855145213338285
বয়স্কদের,0.00035855145213338285
ওপর,0.00035855145213338285
অসামঞ্জস্যপূর্ণ,0.00035855145213338285
প্রভাব,0.00035855145213338285
পড়ছে,0.00035855145213338285
এফএও,0.00035855145213338285
তাসকিনের,0.00035855145213338285
সৌম্যের,0.00035855145213338285
আঘাত,0.00035855145213338285
৩,0.00035855145213338285
উইকেট,0.00035855145213338285
শ্রীলঙ্কার,0.00035855145213338285
চীনের,0.00035855145213338285
সাথে,0.00035855145213338285
মালদ্বীপের,0.00035855145213338285
প্রতিরক্ষা,0.00035855145213338285
চুক্তি,0.00035855145213338285
সই,0.00035855145213338285
রোজার,0.00035855145213338285
চিনির,0.00035855145213338285
দাম,0.00035855145213338285
৩০,0.00035855145213338285
টাকা,0.00035855145213338285
বাড়াল,0.00035855145213338285
টিসিবি,0.00035855145213338285
ভ্যান,0.00035855145213338285
হারানোর,0.00035855145213338285
শোকে,0.00035855145213338285
কিশোরের,0.00035855145213338285
আত্মহত্যা,0.00035855145213338285
ভরিতে,0.00035855145213338285
২২১৭,0.00035855145213338285
টাকা,0.00035855145213338285
বেড়ে,0.00035855145213338285
স্বর্ণের,0.00035855145213338285
দামে,0.00035855145213338285
রেকর্ড,0.00035855145213338285
নভেম্বরে,0.00035855145213338285
আবারো,0.00035855145213338285
লড়বেন,0.00035855145213338285
বাইডেন,0.00035855145213338285
ট্রাম্প,0.00035855145213338285
প্রমাণ,0.00035855145213338285
সত্ত্বেও,0.00035855145213338285
তক্বী,0.00035855145213338285
হত্যার,0.00035855145213338285
বিচার,0.00035855145213338285
আইভী,0.00035855145213338285
সিরিজে,0.00035855145213338285
সমতা,0.00035855145213338285
ফেরাতে,0.00035855145213338285
বাংলাদেশের,0.00035855145213338285
মাঝারি,0.00035855145213338285
লক্ষ্য,0.00035855145213338285
ফিলিস্তিন,0.00035855145213338285
রাষ্ট্রকে,0.00035855145213338285
স্বীকৃতি,0.00035855145213338285
দেয়ার,0.00035855145213338285
সময়,0.00035855145213338285
এসেছে,0.00035855145213338285
সৌদি,0.00035855145213338285
আরব,0.00035855145213338285
উন্নতির,0.00035855145213338285
খাতে,0.00035855145213338285
ভর্তুকি,0.00035855145213338285
উঠিয়ে,0.00035855145213338285
রাজশাহীতে,0.00035855145213338285
এনবিআর,0.00035855145213338285
চেয়ারম্যান,0.00035855145213338285
ডেঙ্গু,0.00035855145213338285
মোকাবিলায়,0.00035855145213338285
সিটি,0.00035855145213338285
করপোরেশনগুলোর,0.00035855145213338285
৪০,0.00035855145213338285
টাকা,0.00035855145213338285
বরাদ্দ,0.00035855145213338285
স্থানীয়,0.00035855145213338285
সরকার,0.00035855145213338285
মন্ত্রী,0.00035855145213338285
বুড়িমারী,0.00035855145213338285
স্থলবন্দরে,0.00035855145213338285
শ্রমিকদের,0.00035855145213338285
অসন্তোষ,0.00035855145213338285
গ্রেফতার,0.00035855145213338285
৩,0.00035855145213338285
দ্রব্যমূল্য,0.00035855145213338285
গুজব,0.00035855145213338285
মাদকসহ,0.00035855145213338285
আরো,0.00035855145213338285
উঠে,0.00035855145213338285
এলো,0.00035855145213338285
ডিসি,0.00035855145213338285
সম্মেলনে,0.00035855145213338285
সৌদি,0.00035855145213338285
প্রবাসীদেরকে,0.00035855145213338285
বৈধ,0.00035855145213338285
পথে,0.00035855145213338285
রেমিটেন্স,0.00035855145213338285
পাঠাতে,0.00035855145213338285
পররাষ্ট্রমন্ত্রীর,0.00035855145213338285
আহ্বান,0.00035855145213338285
জাতিসঙ্ঘের,0.00035855145213338285
আনা,0.00035855145213338285
যৌন,0.00035855145213338285
সহিংসতার,0.00035855145213338285
অভিযোগ,0.00035855145213338285
প্রত্যাখ্যান,0.00035855145213338285
করল,0.00035855145213338285
হামাস,0.00035855145213338285
রাজধানীতে,0.00035855145213338285
১১০০,0.00035855145213338285
হোটেল,0.00035855145213338285
রেস্তোরাঁয়,0.00035855145213338285
অভিযান,0.00035855145213338285
গ্রেফতার,0.00035855145213338285
৮৭২,0.00035855145213338285
বৈদেশিক,0.00035855145213338285
অর্থায়নপুষ্ট,0.00035855145213338285
প্রকল্পসমূহের,0.00035855145213338285
অগ্রগতি,0.00035855145213338285
পর্যালোচনা,0.00035855145213338285
কমিটির,0.00035855145213338285
১ম,0.00035855145213338285
সভা,0.00035855145213338285
অনুষ্ঠিত,0.00035855145213338285
পাওয়ার,0.00035855145213338285
প্লে,0.00035855145213338285
শেষে,0.00035855145213338285
ফিরেছেন,0.00035855145213338285
সৌম্য,0.00035855145213338285
মাঠে,0.00035855145213338285
লিটন,0.00035855145213338285
শান্ত,0.00035855145213338285
মনিরামপুরে,0.00035855145213338285
বাবার,0.00035855145213338285
সাথে,0.00035855145213338285
অভিমান,0.00035855145213338285
শিশুর,0.00035855145213338285
আত্মহত্যা,0.00035855145213338285
কিশোর,0.00035855145213338285
গ্যাং,0.00035855145213338285
সদস্যদের,0.00035855145213338285
ছাড়,0.00035855145213338285
ডিবি,0.00035855145213338285
গরিব,0.00035855145213338285
খাবে,0.00035855145213338285
বরই,0.00035855145213338285
বিত্তশালীরা,0.00035855145213338285
খেজুর,0.00035855145213338285
অবিচার,0.00035855145213338285
কাদের,0.00035855145213338285
সিদ্দিকী,0.00035855145213338285
মহাদেবপুরে,0.00035855145213338285
২,0.00035855145213338285
শিক্ষার্থীকে,0.00035855145213338285
চাঁদাবাজির,0.00035855145213338285
মামলায়,0.00035855145213338285
ফাঁসানোর,0.00035855145213338285
অভিযোগ,0.00035855145213338285
২৪,0.00035855145213338285
মিনিটে,0.00035855145213338285
দ্রুত,0.00035855145213338285
বিচার,0.00035855145213338285
আইন,0.00035855145213338285
পাশ,0.00035855145213338285
সরকার,0.00035855145213338285
কুনজির,0.00035855145213338285
স্থাপন,0.00035855145213338285
মুজিবুর,0.00035855145213338285
রহমান,0.00035855145213338285
অগ্নি,0.00035855145213338285
নিরাপত্তা,0.00035855145213338285
নিশ্চিত,0.00035855145213338285
সরকার,0.00035855145213338285
সর্বাত্মকভাবে,0.00035855145213338285
সাঈদ,0.00035855145213338285
খোকন,0.00035855145213338285
ঢাকায়,0.00035855145213338285
কিশোর,0.00035855145213338285
গ্যাংয়ের,0.00035855145213338285
৭৫,0.00035855145213338285
সদস্য,0.00035855145213338285
গ্রেফতার,0.00035855145213338285
বড়,0.00035855145213338285
জয়ে,0.00035855145213338285
সিরিজে,0.00035855145213338285
ফিরল,0.00035855145213338285
বাংলাদেশ,0.00035855145213338285
অলিখিত,0.00035855145213338285
ফাইনাল,0.00035855145213338285
শেষ,0.00035855145213338285
ম্যাচ,0.00035855145213338285
মনপুরায়,0.00035855145213338285
ইউপি,0.00035855145213338285
নির্বাচন,0.00035855145213338285
প্রার্থীদের,0.00035855145213338285
সমর্থকদের,0.00035855145213338285
সংঘর্ষে,0.00035855145213338285
আহত,0.00035855145213338285
অর্ধশতাধিক,0.00035855145213338285
চীনের,0.00035855145213338285
সাথে,0.00035855145213338285
চুক্তি,0.00035855145213338285
মালদ্বীপের,0.00035855145213338285
ঘোষণা,0.00035855145213338285
ভারতীয়,0.00035855145213338285
সেনা,0.00035855145213338285
একজনও,0.00035855145213338285
ডুবতে,0.00035794289810690334
ট্র্যাজেডির,0.00035794289810690307
চাঁদাবাজিতে,0.00035594330228778265
বগুড়ায়,0.0003559433022877824
প্রশাসনিক,0.0003539413606979142
রেস্টুরেন্টে,0.00035394136069791395
হক,0.0003519370449819108
অভিযান,0.00035193704498191053
সাইফুল,0.0003499303263616828
সময়,0.0003499303263616825
স্থায়ী,0.0003479211756269792
অসময়,0.00034792117562697895
আইন,0.00034590956312564674
নেপালে,0.0003459095631256465
বিচার,0.00034389545875359613
রাজনৈতিক,0.00034389545875359597
দ্রুত,0.0003418788319444647
ঝড়,0.00034187883194446443
দমনে,0.0003398596516589639
চীন,0.0003398596516589637
বিরোধীদের,0.00033783788637390034
ভারতের,0.00033783788637390007
বৈঠক,0.00033581350407085615
প্রভাব,0.0003358135040708559
কাদেরের,0.0003337864722245174
সূরা,0.0003337864722245171
জিএম,0.0003317567577906362
ইখলাসের,0.00033175675779063596
হাসের,0.0003297243271936114
আলোকে,0.00032972432719361117
পিটার,0.0003276891463136744
আল্লাহর,0.0003276891463136742
প্রজ্ঞা’র,0.0003256511804736624
পরিচয়,0.00032565118047366226
দাবি,0.0003236103944253652
মধ্যপন্থায়,0.00032361039442536504
নিষিদ্ধের,0.0003215667523354251
বাহফে,0.0003215667523354249
ভেপোরাইজার,0.0003195202177707751
ডিসি,0.0003195202177707749
ফিল্টার,0.00031747075368359387
সম্মেলন,0.0003174707536835937
সিগারেট,0.0003154183223957592
শেষে,0.000315418322395759
রোধে,0.0003133628855827782
প্রবাসী,0.00031336288558277803
দূষণ,0.00031130440425717286
কল্যাণ,0.0003113044042571727
প্লাস্টিক,0.00030924283875129774
সচিব,0.0003092428387512976
হ্যালি,0.00030717814869956575
দূতাবাসের,0.0003071781486995656
নিকি,0.0003051102930200568
সত্যায়ন,0.0003051102930200567
দাঁড়াচ্ছেন,0.00030303922989548244
ছাড়া,0.0003030392298954822
সরে,0.0003009649167534783
নিয়োগানুমতি,0.0003009649167534781
পথ,0.000298887310246196
দেয়া,0.0002988873102461958
ট্রাম্পের,0.0002968063662291619
সুপার,0.0002968063662291616
অবশেষে,0.0002947220397393712
টিউসডে,0.00029472203973937106
বিকল্প,0.0002926342849725831
প্রেসিডেন্ট,0.00029263428497258286
উন্নয়নের,0.00029054305525977987
মনোনয়নের,0.0002905430552597797
দক্ষতা,0.0002884483030427532
এগুচ্ছেন,0.00028844830304275296
প্রযুক্তিগত,0.00028634997984877615
ট্রাম্প,0.000286349979848776
সাংবাদিকদের,0.00028424803626432
বাইডেন,0.00028424803626431985
টাকা,0.00028214242190776945
শ্রেণিকক্ষে,0.0002821424219077693
৯০৮,0.000280033085401091
সিরাজগঞ্জ,0.0002800330854010908
১২,0.00027791997434040356
মেডিকেল,0.00027791997434040334
লাখ,0.0002758030352653991
কলেজের,0.0002758030352653989
১,0.0002736822136275582
প্রভাষক,0.000273682213627558
ভরি,0.00027155745375710124
বরখাস্ত,0.0002715574537571011
রেকর্ড,0.00026942869882861433
জামিন,0.0002694286988286141
দামে,0.00026729589082528314
পেলেও,0.000267295890825283
স্বর্ণের,0.000265158970501667
মুক্তি,0.0002651589705016668
বাংলাদেশ,0.0002630178773449382
মিলছে,0.000263017877344938
ফিরলো,0.0002608725495345101
ডেসটিনির,0.00026087254953450996
সিরিজে,0.0002587229238999721
এমডির,0.00025872292389997196
ব্যাটে,0.000256568935877243
স্মরণসভায়,0.0002565689358772428
শান্তর,0.00025441051946285164
বক্তারা,0.00025441051946285153
লিটন,0.0002522476071662475
অধিকার,0.00025224760716624733
বরখাস্ত,0.00025008012996003586
নিশ্চিত,0.0002500801299600357
সাময়িক,0.00024790801722802947
মেধাবীরা,0.00024790801722802936
রায়হান,0.00024573119671099917
সাংবাদিকতায়,0.000245731196710999
শিক্ষক,0.0002435495944499993
আসবেন,0.00024354959444999915
