id,title,T4_title_weight,T4_rank,T4_S_scale,T4_S_score
20186609,"
বিদেশে সম্পদ অর্জন ও হলফনামায় তথ্য গোপন 
সাবেক ভূমিমন্ত্রীর ব্যাখ্যা ‘অযৌক্তিক ও অবান্তর’ : টিআইবি
আইনি প্রক্রিয়ায় সুষ্ঠু তদন্তের দাবি
",0.0061562538988169015,1.0,1.0,100.0
20185579,"
মার্সেল ডিজিটাল ক্যাম্পেইন সিজন-২০ শুরু 
ঈদে মার্সেল পণ্য কিনে ১০ লাখ টাকা পর্যন্ত ক্যাশব্যাক পাওয়ার সুযোগ
",0.005893909626718501,2.0,0.954572231914645,95.45722319146451
20046006,দেশের বিশিষ্ট স্থপতিদের নিয়ে উদযাপিত হলো আকিজ সিরামিক্‌স আয়োজিত আর্কিটেক্ট ফ্যামিলি নাইট: ‘বন্ড এন্ড বিয়ন্ড’,0.0051080550098227,3.0,0.8184929457171648,81.84929457171648
20185909,"

ফিলিস্তিনি বাড়িতে ইসরাইলের হামলায় নিহত ১৭
গাজায় ইসরাইলের হামলায় ৭ ইসরাইলি বন্দী নিহত
",0.0051080550098227,3.0,0.8184929457171648,81.84929457171648
20185711,"
শিবগঞ্জ পৌরসভা নির্বাচন 
আ’লীগের দুই নেতার কর্মীদের মাঝে আবারো ধাওয়া পাল্টা ধাওয়া 
",0.004322200392926899,5.0,0.6824136595196846,68.24136595196846
20186683,"

বগুড়ায় সাবেক মহিলা এমপিকে মারপিটের অভিযোগে আ’লীগ নেতার বিরুদ্ধে সংবাদ সম্মেলন
",0.004322200392926899,5.0,0.6824136595196846,68.24136595196846
20045936,ড. ইউনূসের মামলা দেশের ভেতর শীতল এক বার্তা দিচ্ছে -আলী রীয়াজ,0.004322200392926899,5.0,0.6824136595196846,68.24136595196846
20185881,"

নতুন কারিকুলামে গণিত ও বিজ্ঞানে ৬০ হাজার শিক্ষক সঙ্কট
ডিপ্লোমা প্রকৌশলীদের নিয়োগ দেয়ার চিন্তা
",0.004322200392926899,5.0,0.6824136595196846,68.24136595196846
20186423,"
বেইলি রোডে অগ্নিকাণ্ড  
চিকিৎসা শেষে বাড়ি ফিরলেন দগ্ধ ২, হাসপাতালে ৫
",0.004322200392926899,5.0,0.6824136595196846,68.24136595196846
20045970,"বেনাপোলে বেশির ভাগ স্ক্যানিং মেশিন নষ্ট বাড়ছে অপরাধ, রাজস্ব হারাচ্ছে সরকার",0.004322200392926899,5.0,0.6824136595196846,68.24136595196846
20185965,"

 চট্টগ্রামে ফ্রিল্যান্সারের কোটি টাকা সরিয়ে নেয়ার অভিযোগ ডিবির বিরুদ্ধে তদন্ত কমিটি গঠন
",0.0043193421886364,11.0,0.6819187303161203,68.19187303161203
20185758,"
বেইলি রোডের আগুন  
নিহত ৪৪ জনের লাশ হস্তান্তর চিকিৎসাধীন ৫ জন শঙ্কামুক্ত নন
",0.004247671741107399,12.0,0.6695082117144415,66.95082117144415
20045993,"নারায়ণগঞ্জে ১৫ ঘণ্টায় ৪টি পৃথক সড়ক দুর্ঘটনায় নিহত ৩, আহত ৩৩",0.0042009491002153,13.0,0.6614176775556264,66.14176775556264
20188782,"

এনআইডির ‘বৃষ্টি খাতুন’ নামের সংশোধন চেয়ে আবেদন করেছিলেন অভিশ্রুতি
লাশ এখনো ঢামেক মর্গে, যা জানা গেল সরেজমিনে
",0.004198375820124099,14.0,0.6609720860804753,66.09720860804754
20046941,"গুচ্ছ ভর্তি পরীক্ষায় ৩ লাখের বেশি আবেদন, কেন্দ্র পছন্দের শীর্ষে রয়েছে জবি",0.0041310000899336,15.0,0.6493052445626724,64.93052445626724
20045898,"রেল লাইন দিয়ে ছুটছে প্যাসেঞ্জার ট্রেন, মোবাইলে ক্রিকেট দেখতে ব্যস্ত চালক",0.0040870657273630005,16.0,0.6416975311642776,64.16975311642776
20188553,"
চীন থেকে পাকিস্তানগামী জাহাজ আটক 
ভারতের অভিযোগ অস্বীকার করল চীন-পাকিস্তান
",0.0039418934490549,17.0,0.6165593700043139,61.65593700043139
20046936,সিএনজি ফিলিং স্টেশন এন্ড কনভার্সন ওয়ার্কশপ ওনার্স এসোসিয়েশনের নতুন কমিটি গঠিত,0.003929273084479,18.0,0.6143740164209448,61.43740164209448
20186703,"

বেসরকারি ক্লিনিক, হাসপাতাল ও ডায়াগনস্টিক সেন্টারের লাইসেন্স প্রাপ্তির জটিলতা দূর করার তাগিদ
",0.003929273084479,18.0,0.6143740164209448,61.43740164209448
20185978,"

 উত্ত্যক্তের প্রতিবাদ করায় নড়াইলে কিশোরকে কুপিয়ে হত্যা, আহত হয় ২ বন্ধু
",0.003929273084479,18.0,0.6143740164209448,61.43740164209448
20185314,"

 ভারতের ৮৫ শতাংশ প্রাপ্তবয়স্ক কর্তৃত্ববাদী শাসনের পক্ষে
পিউ রিসার্চ সেন্টারের জরিপ
",0.003929273084479,18.0,0.6143740164209448,61.43740164209448
20186456,"

সরকারের দুর্নীতি প্রতিরোধ ও ভারতীয় পণ্য বয়কটের আহ্বান ১২ দলীয় জোটের
",0.003929273084479,18.0,0.6143740164209448,61.43740164209448
20185431,"
চী ন  দে শে র  রূ প ক থা 
নয় মাথাওয়ালা বাজপাখি
",0.003929273084479,18.0,0.6143740164209448,61.43740164209448
20185872,"
বিএসএফআইসি’র কাছে পাওনা গ্র্যাচুইটির ৪১৫ কোটি টাকা 
লাগাতার আন্দোলনে যাচ্ছেন অবসরপ্রাপ্ত চাকরিজীবীরা
",0.003929273084479,18.0,0.6143740164209448,61.43740164209448
20188687,"

বম্বে মরিচ চাষে ভাগ্য বদলের স্বপ্ন গাজী হেমায়েত উদ্দিনের
",0.0039224394061488,25.0,0.61319069058779,61.31906905877899
20045950,"ফিলিপসের ৫ উইকেটে শেষ হলো ১৫ বছরের অপেক্ষা, জমে উঠেছে লড়াই",0.0038976821801736997,26.0,0.6089037072622621,60.89037072622621
20045915,পারমাণবিক পণ্য বহনের সন্দেহে চীন থেকে পাকিস্তানগামী জাহাজ আটকে দিলো ভারত,0.0038843222240185,27.0,0.6065902853415377,60.65902853415377
20046935,বাংলাদেশে প্রবাসীদের জীবনের নিরাপত্তা চেয়ে সংযুক্ত আরব আমিরাতে প্রতিবাদ সভা,0.0038616082339537,28.0,0.6026571105681631,60.26571105681631
20185875,"

রিজার্ভ আবারো কমছে
চলতি সপ্তাহেই আকুর দায় পরিশোধে যাবে ১.৩ বিলিয়ন
",0.0038432268271837997,29.0,0.5994741697814383,59.94741697814383
20185936,"
সংসদে সাবেক গণপূর্তমন্ত্রী 
অননুমোদিত ১৩০০ ভবন চিহ্নিত করা  হলেও ভাঙা সম্ভব হয়নি
",0.0038362670702578997,30.0,0.5982690120662295,59.82690120662295
20185938,"
কক্সবাজারে ১০ মার্চ পর্যন্ত রুম খালি নেই  
সৈকতে পর্যটকদের উপচে পড়া ভিড়
",0.0038104021542072998,31.0,0.593790220139516,59.3790220139516
20188647,"

হামদর্দ বাংলাদেশের প্রতিষ্ঠাবার্ষিকী এবং আধুনিক হামদর্দ বাংলাদেশের প্রতিষ্ঠাতার জন্মদিন উদযাপিত
",0.0036984793892316,32.0,0.5744095743563264,57.44095743563265
20188629,"

জামিনের মেয়াদ বাড়াতে আজ ঢাকার দু’টি আদালতে যাবেন ড. ইউনূস
",0.0035857575670687,33.0,0.5548905631180931,55.489056311809314
20045906,লোকসভা নির্বাচনে দিল্লিতে বিজেপির প্রার্থী সুষমা স্বরাজের কন্যা বানসুরি,0.0035535344705794002,34.0,0.549310782997112,54.9310782997112
20188558,"

রাশিয়ার ৮৫ ভাগ মানুষ মনে করে দেশের উন্নয়নে পুতিনের পরিকল্পনা রয়েছে
",0.0035499969655067997,35.0,0.5486982254643957,54.86982254643957
20186806,"

ভারতে ঘুরতে এসে দলবদ্ধ ধর্ষণের শিকার স্প্যানিশ নারী, গ্রেফতার ৪
",0.0035369307108255,36.0,0.5464356611527814,54.64356611527814
20186760,"

বিদেশী কূটনীতিকদের উপস্থিতিতে আদালতে ড. ইউনূসকে ঘিরে দিনভর নাটকীয়তা
",0.0035364079196061994,37.0,0.5463451341590815,54.634513415908145
20186756,"

বড় পীর আব্দুল কাদের জিলানী (র:) এর মাজার জিয়ারতে প্রধানমন্ত্রীকে আমন্ত্রণ
",0.0035363576906902007,38.0,0.5463364364751988,54.63364364751988
20046948,বেইলি রোডের অগ্নিকাণ্ডের ঘটনায় স্বরাষ্ট্র মন্ত্রণালয়ের ৫ সদস্যের কমিটি,0.0035363457760311,39.0,0.5463343733222048,54.63343733222048
20186637,"

বেইলি রোড ট্র্যাজেডি : শেষবার বাবার সাথে যে কথা হয়েছিল শাহজালালের
",0.0035363457760311,39.0,0.5463343733222048,54.63343733222048
20186154,"
বেইলি রোডে অগ্নিকাণ্ড 
৫ জনের মৃত্যুতে একদিনের ছুটি চলছে ভিকারুননিসায়
",0.0035363457760311,39.0,0.5463343733222048,54.63343733222048
20185594,"

 দারুল আজহার মডেল মাদরাসায় বার্ষিক ক্রীড়া ও সাংস্কৃতিক প্রতিযোগিতা অনুষ্ঠিত
",0.0035363457760311,39.0,0.5463343733222048,54.63343733222048
20186295,"
বেইলি রোডে অগ্নিকাণ্ড 
উখিয়ার শাহজালালসহ স্ত্রী সন্তানের জানাজা সম্পন্ন
",0.0035363457760311,39.0,0.5463343733222048,54.63343733222048
20046953,১২ মামলায় আগাম জামিন পেলেন বিএনপি নেতা আব্দুস সালাম,0.0035363457760311,39.0,0.5463343733222048,54.63343733222048
20186402,"

মতলবে অন্তঃসত্ত্বা গৃহবধূর ওপর এসিড নিক্ষেপকারীদের ফাসির দাবিতে মানববন্ধন
",0.0035363457760311,39.0,0.5463343733222048,54.63343733222048
20045962,"বিয়ের ৮ মাসের মাথায় নববধূকে হত্যা, স্বামীসহ আটক ২",0.0035363457760311,39.0,0.5463343733222048,54.63343733222048
20186489,"

মোরেলগঞ্জে পরীক্ষার প্রশ্ন ফাঁসে ২১ শিক্ষক বহিষ্কার, গ্রেফতার ১
",0.0035363457760311,39.0,0.5463343733222048,54.63343733222048
20047106,ক্রাইমিয়া সেতুতে হামলার পেছনে জার্মানির পরিকল্পনার প্রমাণ প্রকাশ করেছে রাশিয়া,0.0035363457760311,39.0,0.5463343733222048,54.63343733222048
20186526,"

সংরক্ষিত মহিলা আসনের সংসদ সদস্যরা জাতীয় সংসদ দ্বারা নির্বাচিত : স্পিকার
",0.0035363457760311,39.0,0.5463343733222048,54.63343733222048
20186333,"

৩টি রাজ্যে দলীয় ভোটে জয়ী ট্রাম্প মনোনয়নের পথে এগিয়ে
",0.0035363457760311,39.0,0.5463343733222048,54.63343733222048
20185707,"

ঈদে যাত্রীদের চলাচল নির্বিঘœ করতে বাড়ানো হবে ট্রেন ও বগির সংখ্যা : রেলমন্ত্রী
",0.0035363457760311,39.0,0.5463343733222048,54.63343733222048
20185771,"

 বেইলি রোডের অগ্নিকাণ্ডে ব্যাপক হতাহতের ঘটনায় নরেন্দ্র মোদির শোক
",0.0035363457760311,39.0,0.5463343733222048,54.63343733222048
20186384,"

সম্পদের পবিত্রতা অর্জনের সর্বোত্তম পন্থা যাকাত : অধ্যাপক মুজিবুর রহমান
",0.0035025245693784,53.0,0.5404778630203162,54.04778630203162
20185789,"
মামলা ও নির্যাতনের পরও উজ্জীবিত নেতাকর্মী 
ঢাকার দুই মহানগরে নজর বিএনপির
",0.0034958151953881,54.0,0.539316061837499,53.931606183749906
20186340,"

মিয়ানমারের সেনা ঘাঁটি ও পুলিশের তল্লাশি চৌকিতে আক্রমণ চালাচ্ছে বিদ্রোহীরা
",0.0034800470949793,55.0,0.5365856435105119,53.65856435105118
20188683,"

শরীয়তপুরে খুনের গুজবে প্রতিপক্ষের বাড়ি-ঘরে হামলা, অগ্নিসংযোগ
",0.0034324692721005,56.0,0.5283470252763256,52.83470252763256
20045905,বইমেলায় বিক্রির শীর্ষ তালিকায় কমান্ডার মঈনের দু’টি বই,0.0032209087699862997,57.0,0.4917130200846273,49.17130200846273
20188602,"

বইমেলার সমাপ্তি : ৩১ দিনে ৬০ কোটি টাকার বই বিক্রি
",0.0031910549368187996,58.0,0.4865435037130886,48.65435037130886
20045904,বিচার বিভাগীয় তদন্ত ও ৫ কোটি টাকা করে ক্ষতিপূরণ দিতে আইনি নোটিশ,0.0031687327342133998,59.0,0.4826781712055351,48.26781712055351
20188587,"

পাকিস্তান-বাংলাদেশ ঘুরে ভারতে গিয়ে গণধর্ষণের শিকার স্প্যানিশ নারী
",0.0031649724485572,60.0,0.4820270367883123,48.202703678831234
20045913,১১ দাবিতে অনির্দিষ্টকালের কর্মবিরতি ঘোষণা নৌযান শ্রমিক ফেডারেশনের,0.0031542370020438,61.0,0.48016807729740124,48.01680772974012
20188531,"

আমতলী পৌরসভা নির্বাচন : শিক্ষায় নাজমুল, অর্থ-বিত্তে মতিয়ার
",0.0031527010743654994,62.0,0.4799021146910611,47.99021146910611
20045916,"বাজার নজরদারি, মজুত-মূল্যবৃদ্ধি রোধে ডিসিদের নির্দেশ দিলেন প্রধানমন্ত্রী",0.0031486765146546,63.0,0.47920521834287694,47.92052183428769
20185956,"
বেইলি রোডে আগুন 
নিহত বুয়েট ছাত্রের দাফন বরিশালে 
",0.0031434184675832,64.0,0.47829473022346475,47.82947302234648
20185827,"

জলবায়ুর কারণে স্থানচ্যুতদের ‘অভিবাসী’ সংজ্ঞায় রাখার আহ্বান পররাষ্ট্রমন্ত্রীর
",0.0031434184675832,64.0,0.47829473022346475,47.82947302234648
20186733,"

তুরস্কের পররাষ্ট্রমন্ত্রী হাকান ফিদানের সাথে হাছান মাহমুদের বৈঠক
",0.0031434184675832,64.0,0.47829473022346475,47.82947302234648
20185544,"
বেতন নেই ৯ মাস 
গোপালগঞ্জে আউটসোর্সিং কর্মচারীদের মানবেতর জীবন
",0.0031434184675832,64.0,0.47829473022346475,47.82947302234648
20185703,"

 নারায়ণগঞ্জে বকেয়া বেতনের দাবিতে গার্মেন্ট শ্রমিকদের অবরোধ, বিক্ষোভ 
",0.0031434184675832,64.0,0.47829473022346475,47.82947302234648
20185852,"

বিশ্বের শীর্ষ ২৫০ হাসপাতাল বাংলাদেশের একটাও নেই
প্রথম একশ’র মধ্যে নেই ভারতেরও
",0.0031434184675832,64.0,0.47829473022346475,47.82947302234648
20185548,"

বাগাতিপাড়ায় লোকসানে আম বাগান কেটে অন্য ফসলে ঝুঁকছেন চাষিরা
",0.0031434184675832,64.0,0.47829473022346475,47.82947302234648
20185612,"

নগরে অগ্নিঝুঁকি কমাতে সেবা সংস্থার জবাবদিহি থাকতে হবে : বিআইপি
",0.0031434184675832,64.0,0.47829473022346475,47.82947302234648
20185603,"

  নুরুল ইসলাম হিরন কল্যাণ ট্রাস্টের উদ্যোগে শীতবস্ত্র বিতরণ
",0.0031434184675832,64.0,0.47829473022346475,47.82947302234648
20186058,"

বিমান থেকে গাজায় ৩৫,০০০ প্যাকেট ত্রাণসমগ্রীর ফেলেছে যুক্তরাষ্ট্র
",0.0031434184675832,64.0,0.47829473022346475,47.82947302234648
20185800,"
বিদ্যুতের মূল্যবৃদ্ধির প্রতিবাদ  
রাজধানীসহ সারা দেশে জামায়াতের বিক্ষোভ
",0.0031434184675832,64.0,0.47829473022346475,47.82947302234648
20186669,"

অবৈধ ক্লিনিক-ডায়াগনস্টিকে অভিযানে ডিসিদের সহায়তা চাইলেন স্বাস্থ্যমন্ত্রী
",0.0031434184675832,64.0,0.47829473022346475,47.82947302234648
20186203,"

এক মামলায় ড. ইউনূসের জামিন আরেকটির মেয়াদ বাড়ল
",0.0031434184675832,64.0,0.47829473022346475,47.82947302234648
20186087,"

ব্যবসায় এগিয়ে আসছেন আলেমরা, নেতৃত্ব ও ব্যবস্থাপনায় কওমি উদ্যোক্তা
",0.0031434184675832,64.0,0.47829473022346475,47.82947302234648
20186709,"

গাইবান্ধায় ট্রাকের ধাক্কায় মোটরসাইকেল আরোহী ২ বন্ধু নিহত
",0.0031434184675832,64.0,0.47829473022346475,47.82947302234648
20185574,"

সুনামগঞ্জের বোরো ফসল নিয়ে উৎকণ্ঠায় কৃষক
আবারো বাঁধভাঙার আশঙ্কা
",0.0031434184675832,64.0,0.47829473022346475,47.82947302234648
20186713,"

মানব কল্যাণে সালথা-নগরকান্দার একঝাঁক তরুণ ও যুবক আলেম
",0.0031434184675832,64.0,0.47829473022346475,47.82947302234648
20185952,"
সেমিনারে বিশিষ্টজনরা 
বর্তমান শিক্ষাব্যবস্থা সংস্কার না হলে নতুন প্রজন্ম দিল্লির গোলাম হবে
",0.0031434184675832,64.0,0.47829473022346475,47.82947302234648
20045968,"রূপগঞ্জে ১২ বাড়িতে সন্ত্রাসী হামলা, গুলি লুটপাট, আহত ১০",0.0031434184675832,64.0,0.47829473022346475,47.82947302234648
20185306,"
 সুন্দরবনে নদীতে বাধাহীন জাহাজ চলাচল 
প্রাণবৈচিত্র্যে বিরূপ প্রভাব
",0.0031434184675832,64.0,0.47829473022346475,47.82947302234648
20185363,"

 ইসরাইলি গণহত্যায় সবুজ সঙ্কেত দিয়েছে যুক্তরাষ্ট্র : ইলহান ওমর
",0.0031434184675832,64.0,0.47829473022346475,47.82947302234648
20045953,আর্জেন্টিনার বিশ্বকাপজয়ী ফুটবলারের জার্সি-মেডেল বেচে দিলেন ডিভোর্সি স্ত্রী,0.0031434184675832,64.0,0.47829473022346475,47.82947302234648
20186506,"

এক যুগে প্রাথমিকে ২ লাখ ৩৮ হাজার শিক্ষক নিয়োগ
",0.0031434184675832,64.0,0.47829473022346475,47.82947302234648
20186574,"

টেকনাফ সীমান্তের ওপারে রাতভর গোলাগুলি ও বিস্ফোরণের বিকট শব্দ
",0.0031434184675832,64.0,0.47829473022346475,47.82947302234648
20185517,"

আচরণবিধি লঙ্ঘন আমতলীতে মেয়র প্রার্থীসহ পাঁচ সমর্থককে অর্থদণ্ড
",0.0031427515688877998,88.0,0.47817924945070484,47.81792494507048
20186541,"

মালয়েশিয়ায় নিখোঁজ বিমান যাত্রীদের স্বজনদের স্মরণ দিবস পালন
",0.0031383663870277996,89.0,0.47741990744962054,47.74199074496205
20185922,"

 লুটপাটের জন্য গ্যাস-বিদ্যুতের দাম বাড়ানো হয়েছে : গণতন্ত্র মঞ্চ
",0.0031229346045092998,90.0,0.47474772622840794,47.474772622840796
20186264,"

ঢাকা বার নির্বাচনে ভোট কারচুপির প্রতিবাদে বিএনপিপন্থী আইনজীবীদের বিক্ষোভ
",0.003107363906617,91.0,0.4720514902971991,47.20514902971991
20186553,"

বাংলাদেশ পুলিশ সার্ভিস অ্যাসোসিয়েশনের ফের সভাপতি মনিরুল, সম্পাদক রাসেল
",0.0031051274617098,92.0,0.47166422550286097,47.1664225502861
20186620,"

জামিনে মুক্ত রংপুর মহানগর বিএনপির সদস্য সচিব ডন
",0.0031028878869401996,93.0,0.47127641873875886,47.12764187387589
20185798,"
পরিচয় নিয়ে ধুম্রজাল 
ডিএনএ রিপোর্ট না পেয়ে অভিশ্রুতির লাশ হস্তান্তর নয়
",0.0030688898157637,94.0,0.4653892824182216,46.538928241822155
20185739,"
ঢাকা বার নির্বাচন 
সভাপতি-সম্পাদকসহ ২১ পদে আ’লীগের জয়
",0.0030668364558363997,95.0,0.4650337207822573,46.50337207822573
20186314,"

ভবন নির্মাণে বিল্ডিং কোড অনুসরণ নিশ্চিত করুন : প্রধানমন্ত্রী
",0.0030504124533620998,96.0,0.46218972586874946,46.21897258687495
20186391,"

চলতি বছর টানা তৃতীয় মাসে বাড়লো এলপিজির দাম
",0.0030368883472140997,97.0,0.45984787958890144,45.984787958890145
20186359,"

গাজার দক্ষিণাঞ্চলে ৩ ইসরাইলি সৈন্য নিহত, আহত ১৪
",0.0030221671748716,98.0,0.45729874825940636,45.729874825940634
20185285,"

 বসুন্ধরা আবাসিক এলাকায় রেস্টুরেন্টে পুলিশের অভিযানে আটক ৩
",0.0030221671748716,98.0,0.45729874825940636,45.729874825940634
20188652,"

  বিকাশ অ্যাপে ভিসা কার্ড দিয়েও পেমেন্ট করা যাবে সরাসরি
",0.0029710235350732,100.0,0.44844266998783194,44.8442669987832
20188527,"

চলতি মাসেই জ্বালানি তেলের দাম কমানোর ইঙ্গিত প্রতিমন্ত্রীর
",0.0029560555874014,101.0,0.445850806822269,44.5850806822269
20044931,সমাজে যাকাত আদায় উপেক্ষিত হয়ে পড়েছে: জামায়াত,0.0029211475504449,102.0,0.4398061000158628,43.98061000158628
20044930,ড. ইউনূসের মামলা পর্যবেক্ষণে আদালতে বিদেশি কূটনীতিকরা,0.0028811664775739,103.0,0.43288294178694514,43.288294178694514
20188676,"

শ্রীবরদীতে এসএসসি পরীক্ষার্থী হত্যাকারীদের বিচার দাবিতে মানববন্ধন
",0.0028778742725393,104.0,0.43231286062753965,43.231286062753966
20045897,মেসি-সুয়ারেজের নৈপুণ্যে ইন্টার মায়ামির বড় জয়,0.0028777244189228,105.0,0.4322869118416841,43.22869118416841
20188665,"

ধামরাইয়ে ৫টি সরকারি প্রাথমিক বিদ্যালয়ের নতুন ভবনের ভিত্তি স্থাপন 
",0.0028653837115139,106.0,0.4301499839427191,43.014998394271906
20188693,"

কুলাউড়ায় বিয়ের ৮ মাসের মাথায় গৃহবধূকে হত্যা
",0.0028164605713258003,107.0,0.4216784093636534,42.167840936365344
20045901,ঢাকা বারের নির্বাচনের ফলাফল বাতিলের দাবিতে বিক্ষোভ,0.0028101113967225,108.0,0.4205789806278739,42.05789806278739
20045899,সারা দুনিয়ার মানুষ এ বিচার দেখছে: ড. ইউনূস,0.002799475083061,109.0,0.41873718706999324,41.87371870699933
20188632,"

যেকোনো পরিস্থিতি মোকাবেলায় সশস্ত্রবাহিনীকে সক্ষম করে তোলা হচ্ছে : প্রধানমন্ত্রী
",0.002795173336216,110.0,0.4179922927505043,41.79922927505043
20188572,"

মিথ্যার সাথে আওয়ামী লীগের অকৃত্রিম বন্ধুত্ব : রিজভী
",0.0027813902435919,111.0,0.41560560014152015,41.56056001415202
20188705,"
 জমি নিয়ে দ্বন্দ্ব 
গোয়ালন্দে নিঃসন্তান নারীকে মারধরের অভিযোগ
",0.0027764132920451,112.0,0.4147437867737967,41.47437867737967
20188777,"

জয় দিয়ে শ্রীলঙ্কার বিপক্ষে টি-টোয়েন্টি সিরিজ শুরু করতে চায় টাইগাররা
",0.0027742019377226,113.0,0.41436086668747824,41.436086668747826
20045909,গাজায় প্রথমবার আকাশপথে মানবিক সহায়তা দিল যুক্তরাষ্ট্র,0.0027726954154134,114.0,0.4140999959410718,41.40999959410718
20045910,দুদকের মামলায় জামিন চাইতে আদালতে ড. ইউনূস,0.0027598182868953,115.0,0.41187018088451843,41.18701808845184
20045919,ছেলের বিয়েতে কান্নায় ভেঙে পড়লেন মুকেশ আম্বানি,0.0027527422866195,116.0,0.4106448943671884,41.06448943671884
20186800,"

চাঁদাবাজি বন্ধে কঠোর ব্যবস্থা গ্রহণের নির্দেশ আইজিপির
",0.0027513758195388998,117.0,0.4104082757090516,41.04082757090516
20045922,কলকারখানার মামলায় শ্রম আপিল ট্রাইব্যুনালে ড. ইউনূস,0.0027509432057402,118.0,0.410333363917913,41.033336391791295
20186784,"

যত্রতত্র মাদরাসার কারণে স্কুলে শিক্ষার্থী কমছে : শিক্ষামন্ত্রী
",0.0027508293954258,119.0,0.4103136564223883,41.03136564223883
20186752,"

আগামী পাঁচ মাসের মধ্যে নতুন নির্বাচনের দাবি ইসরাইলের বিরোধী দলের
",0.0027504918898191,120.0,0.41025521365058304,41.0255213650583
20186101,"

হাইতিতে প্রধানমন্ত্রীকে উৎখাতে গ্যাং নেতার সশস্ত্র লড়াই
",0.0027504911591353,121.0,0.4102550871247247,41.02550871247247
20046938,আত্রাইয়ে জেগে ওঠা চরে কৃষকের রঙিন স্বপ্ন,0.0027504911591353,121.0,0.4102550871247247,41.02550871247247
20046010,"শহরের বাতাসে লাশের পোড়া গন্ধ, দায় কার?",0.0027504911591353,121.0,0.4102550871247247,41.02550871247247
20046943,শামীমাকে বিজয়ী করতে এক মঞ্চে আওয়ামী লীগ নেতারা,0.0027504911591353,121.0,0.4102550871247247,41.02550871247247
20185895,"

প্রধানমন্ত্রী পদে মনোনয়নপত্র জমা শাহবাজ ও ওমর আইয়ুবের
",0.0027504911591353,121.0,0.4102550871247247,41.02550871247247
20046008,"গ্রিন কোজি কটেজ : ঘটি ডোবে না, নামে তালপুকুর",0.0027504911591353,121.0,0.4102550871247247,41.02550871247247
20185927,"

তিতাস গ্যাসের পিকনিকের বাস দুর্ঘটনায় শিশু নিহত
",0.0027504911591353,121.0,0.4102550871247247,41.02550871247247
20185988,"

 এলজিইডির উপসহকারী প্রকৌশলীর বিরুদ্ধে নারী সহকর্মীর জিডি
",0.0027504911591353,121.0,0.4102550871247247,41.02550871247247
20188518,"

গোলাপগঞ্জে সড়ক দুর্ঘটনায় এক পুলিশ সদস্য নিহত
",0.0027504911591353,121.0,0.4102550871247247,41.02550871247247
20186233,"

গাজায় গণহত্যা বন্ধে ঐক্যবদ্ধ উদ্যোগের আহ্বান পররাষ্ট্রমন্ত্রীর
",0.0027504911591353,121.0,0.4102550871247247,41.02550871247247
20185854,"

 কাজ না পেয়ে ক্ষুধা আর বিনা চিকিৎসায় মারা গেলেন মালয়েশিয়া প্রবাসী
",0.0027504911591353,121.0,0.4102550871247247,41.02550871247247
20185814,"
বেইলি রোডে আগুন 
স্ত্রী-সন্তানসহ সাজেক যাওয়া হলো না শাহজালালের
",0.0027504911591353,121.0,0.4102550871247247,41.02550871247247
20045952,দিনে পাঁচবার ঘুমান রোনালদো বিশেষ পানি খান কাজুয়োশি,0.0027504911591353,121.0,0.4102550871247247,41.02550871247247
20186537,"

ক্যান্সার চিকিৎসায় টার্গেট থেরাপির দিকে এগুতে হবে : বিএসএমএমইউ ভিসি
",0.0027504911591353,121.0,0.4102550871247247,41.02550871247247
20186451,"

নবীগঞ্জে ট্রাক-অটোরিকশার মুখোমুখি সংঘর্ষে নিহত ২
",0.0027504911591353,121.0,0.4102550871247247,41.02550871247247
20186431,"

র‌্যাবের অভিযানে যাবজ্জীবন সাজাপ্রাপ্ত বগুড়ার আসামি গ্রেফতার
",0.0027504911591353,121.0,0.4102550871247247,41.02550871247247
20186566,"

বাগাতিপাড়ায় দুই বিদ্যালয়ের এসএসসি পরীক্ষার্থীদের সংঘর্ষে আহত ৬
",0.0027504911591353,121.0,0.4102550871247247,41.02550871247247
20186571,"

নাটোরের আদালতে জামিন পেয়েছেন বিএনপি নেতা চাঁদ
",0.0027504911591353,121.0,0.4102550871247247,41.02550871247247
20045967,ফুলবাড়ীয়ায় ব্রিজের মুখ বন্ধ করে সরকারি খাল দখল,0.0027504911591353,121.0,0.4102550871247247,41.02550871247247
20186370,"

ফ্রান্সে রাসায়নিক সাইটে প্রবেশে করায় গ্রেফতার ৮
",0.0027504911591353,121.0,0.4102550871247247,41.02550871247247
20186582,"

শিবগঞ্জে প্রশ্নপত্রের উত্তর তৈরির সময় আটক একজনের কারাদণ্ড
",0.0027504911591353,121.0,0.4102550871247247,41.02550871247247
20186352,"

৫ দফা দাবিতে শুক্রবার গণসমাবেশ করবে গণঅধিকার পরিষদ
",0.0027504911591353,121.0,0.4102550871247247,41.02550871247247
20186592,"

সালথায় কৃষক হত্যা মামলায় ৫ জনের যাবজ্জীবন কারাদণ্ড
",0.0027504911591353,121.0,0.4102550871247247,41.02550871247247
20045978,শিবগঞ্জে ভ্যানচালককে পুড়িয়ে হত্যা মামলায় গ্রেপ্তার ১,0.0027504911591353,121.0,0.4102550871247247,41.02550871247247
20045937,সাবলেটে ভাড়া নিয়ে স্বামী-স্ত্রীর শিশু অপহরণের মিশন,0.0027504911591353,121.0,0.4102550871247247,41.02550871247247
20045984,আওয়ামী লীগ নেতার প্রার্থীকে নিয়োগ দিতে গোপনে বিজ্ঞপ্তি,0.0027504911591353,121.0,0.4102550871247247,41.02550871247247
20186263,"

চলচ্চিত্র শিল্পী সমিতি থেকে জায়েদ খানের সদস্যপদ বাতিল
",0.0027504911591353,121.0,0.4102550871247247,41.02550871247247
20045989,ফের ঝিমাই চা বাগানের পরিপক্ক গাছ কাটতে প্রতিবন্ধকতা,0.0027504911591353,121.0,0.4102550871247247,41.02550871247247
20186249,"

অরিত্রীর আত্মহত্যা : আবারো পেছালো দুই শিক্ষিকার মামলার রায়
",0.0027504911591353,121.0,0.4102550871247247,41.02550871247247
20185794,"

  আওয়ামী লীগ ক্যু করে ক্ষমতা দখল করেছে : আমীর খসরু
",0.0027504911591353,121.0,0.4102550871247247,41.02550871247247
20045934,যেকোনো পরিস্থিতি মোকাবিলায় সশস্ত্র বাহিনীকে সক্ষম করে তোলা হচ্ছে,0.0027504911591353,121.0,0.4102550871247247,41.02550871247247
20186224,"

বেইলি রোডে আগুন : বিচার বিভাগীয় তদন্তে রিট
",0.0027504911591353,121.0,0.4102550871247247,41.02550871247247
20185583,"

 ইসলামী ব্যাংক ফাউন্ডেশন ও পিএইচএ সমঝোতা স্মারক স্বাক্ষরিত
",0.0027504911591353,121.0,0.4102550871247247,41.02550871247247
20186144,"

অর্থ আত্মসাৎ মামলায় জামিন চাইলেন ড. ইউনূস
",0.0027504911591353,121.0,0.4102550871247247,41.02550871247247
20186126,"

স্বাস্থ্য পরীক্ষার জন্য ইউএই, যুক্তরাজ্যে রওনা হয়েছেন রাষ্ট্রপতি
",0.0027504911591353,121.0,0.4102550871247247,41.02550871247247
20186644,"

আজকের ছবিটি তুলে রাখুন, ইতিহাসের সাক্ষী : ড. ইউনূস
",0.0027504911591353,121.0,0.4102550871247247,41.02550871247247
20046005,বাংলাদেশের জাহাজ ভাঙা শিল্পে ইতিবাচক পরিবর্তন আসছে,0.0027504911591353,121.0,0.4102550871247247,41.02550871247247
20186646,"

সৈয়দপুরে কুরিয়ার সার্ভিস থেকে ৩৫২ বোতল ফেন্সিডিল উদ্ধার
",0.0027504911591353,121.0,0.4102550871247247,41.02550871247247
20186468,"

রাজউকসহ সংশ্লিষ্ট সংস্থাগুলোর গাফিলতির কারণেই বার বার আগুনের ঘটনা
",0.0027504911591353,121.0,0.4102550871247247,41.02550871247247
20045996,মেয়র আনোয়ারকে জালালাবাদ অন্ধ কল্যাণ সমিতির সংবর্ধনা,0.0027498242604399,160.0,0.4101396063519648,41.013960635196476
20185537,"

 ইবি শিক্ষার্থীদের ফি নিয়ে ছলচাতুরীর অভিযোগ, শিক্ষার্থীদের প্রতিবাদ
",0.0027476329548448,161.0,0.40976015792116005,40.976015792116
20186170,"

বিশ্ব বাজারে এ বছর কেমন যাবে তেল-গ্যাসের দাম!
",0.0027300072960614,162.0,0.4067080831296679,40.67080831296679
20188536,"

রাজস্থানে মদের দোকান বন্ধের পক্ষে-বিপক্ষে ভোট গ্রহণ
",0.0027174938585938003,163.0,0.40454124513971745,40.45412451397175
20185975,"

প্রেস শ্রমিক ফেডারেশনের সভাপতি আলমগীর মোশতাক মহাসচিব
",0.0027122001532619,164.0,0.403624582404121,40.3624582404121
20045925,আবাসিক ভবনে রেস্টুরেন্ট বন্ধ চেয়ে হাইকোর্টে রিট,0.0026828575838043,165.0,0.39854359691247554,39.85435969124755
20186244,"

ক্রিমিয়ার আকাশে ইউক্রেনের ৩৮টি ড্রোন ধ্বংস করেছে রাশিয়া
",0.002648144742133,166.0,0.39253269029570753,39.25326902957075
20046011,"ঢাকা যেন বিপদমগ্ন, হাহাকারে আকীর্ণ এক ট্র্যাজেডির শহর!",0.0026457983732473,167.0,0.3921263909672347,39.212639096723464
20186412,"

জামালপুরে ৩ হাসপাতালকে জরিমানা, একটির ল্যাব সিলগালা
",0.0026292398664237,168.0,0.3892591051606663,38.92591051606663
20045994,সাঁথিয়ায় ৩ দিনে ২ এসএসসি পরীক্ষার্থীর আত্মহত্যা,0.0026292398664237,168.0,0.3892591051606663,38.92591051606663
20044922,জ্বালানি তেলের দাম কমানোর ইঙ্গিত দিলেন বিদ্যুৎ প্রতিমন্ত্রী,0.0026225543118132003,170.0,0.38810142856289465,38.81014285628947
20186530,"

গুলশানে ভবনের ছাদ থেকে পড়ে স্পেন দূতাবাসের কর্মকর্তার মৃত্যু
",0.0026178320138874997,171.0,0.38728371124327193,38.7283711243272
20044928,৫০ ওভারের ক্রিকেটে ট্রিপল সেঞ্চুরি অ্যান্ডারসনের,0.002615403344553,172.0,0.38686316069569876,38.68631606956988
20046949,বিদেশে সম্পদ থাকার বিষয় স্বীকার করলেন সাবেক ভূমিমন্ত্রী,0.0025914626574942,173.0,0.382717569977014,38.2717569977014
20044917,ইন্ডিয়া লাইভে অংশ নিলো ন্যাশনাল হার্ট ফাউন্ডেশনের বিশেষজ্ঞদল,0.0025745990562828,174.0,0.3797974537542057,37.97974537542057
20044927,বিআইডব্লিউটিএ এবং টুমাস-ইনোভেট জয়েন্ট ভেঞ্চারের মধ্যে চুক্তি,0.0025708713874221,175.0,0.37915196729037554,37.915196729037554
20188658,"

চৌগাছায় সড়কের দুই পাশে শুকনা গাছগুলো মরণফাঁদ
",0.0025678910742178,176.0,0.37863589359841454,37.863589359841455
20188738,"

 অভিবাসন ইস্যু গুরুত্বপূর্ণ হয়ে উঠেছে মার্কিন নির্বাচনে 
",0.0025449041714792997,177.0,0.3746554610231093,37.46554610231093
20045896,নাসিরনগরে মিট দ্য চিলড্রেন কর্মশালা অনুষ্ঠিত,0.0025400197418487,178.0,0.3738096688328956,37.38096688328956
20188701,"

কাহালু সরকারি কলেজের সুবর্ণজয়ন্তী ও নবীনবরণ অনুষ্ঠিত
",0.0024311615483906,179.0,0.3549596869863303,35.49596869863303
20045903,"পাকিস্তানের ২৪তম প্রধানমন্ত্রী হলেন শেহবাজ, ভাষণে যা বললেন",0.0024191051937388,180.0,0.3528719978643382,35.28719978643382
20044924,‘এ বছরই পরমাণু বোমার পরীক্ষা চালাবে ইরান’,0.0024125206339641997,181.0,0.3517318096224066,35.17318096224066
20188613,"

মার্কিন সীমান্তে চীনা আশ্রয়প্রার্থীর সংখ্যা বাড়ছে
",0.0023742146365849,182.0,0.34509870895927364,34.509870895927364
20188607,"

গাজীপুরে আগুনে পুড়েছে ৩টি ঝুটের গোডাউন
",0.0023720549120452,183.0,0.34472472913218233,34.47247291321823
20188502,"

মোরেলগঞ্জে শিশুকে ধর্ষণ চেষ্টায় ভ্যানশ্রমিক আটক
",0.0023594347116999,184.0,0.34253940398713034,34.253940398713034
20045918,চিকিৎসা শেষে দেশে ফিরেছেন মেজর হাফিজ,0.0023580292817979,185.0,0.3422960384920974,34.22960384920974
20045926,কাল ১৬ ঘণ্টা গ্যাস থাকবে না যেসব এলাকায়,0.0023575732543975997,186.0,0.34221707238082805,34.22170723808281
20186745,"

সংবাদ প্রকাশের পর বালুদস্যুদের বিরুদ্ধে প্রশাসনের অভিযান
",0.0023575638697111998,187.0,0.3422154473201628,34.22154473201628
20045932,দায়ীদের বিরুদ্ধে ব্যবস্থা নেয়ার দাবি সংসদে,0.0023575638510579,188.0,0.34221544409014076,34.22154440901408
20185870,"

জাজিরায় হত্যা মামলার আসামিকে কুপিয়ে হত্যা
",0.0023575638506874,189.0,0.34221544402598464,34.22154440259846
20186406,"

যুক্তরাষ্ট্রে বাংলাদেশীকে ধরার জন্য ২০ হাজার ডলার ঘোষণা
",0.0023575638506874,189.0,0.34221544402598464,34.22154440259846
20186717,"

ইসরাইল শর্ত মানেনি, গাজা চুক্তি শঙ্কায়
",0.0023575638506874,189.0,0.34221544402598464,34.22154440259846
20185745,"

ভাসানচরে পৌঁছাল আরো ১ হাজার ১৪১ রোহিঙ্গা
",0.0023575638506874,189.0,0.34221544402598464,34.22154440259846
20185752,"

‘রাঁধুনী কীর্তিমতি সম্মাননা- ২০২৩’ পেয়েছেন চার নারী
",0.0023575638506874,189.0,0.34221544402598464,34.22154440259846
20186698,"

কেমন ছিল পাকিস্তানের নবনির্বাচিত প্রধানমন্ত্রীর রাজনৈতিক জার্নি?
",0.0023575638506874,189.0,0.34221544402598464,34.22154440259846
20186629,"

পাবনায় মাদক মামলায় যুবকের যাবজ্জীবন কারাদণ্ড
",0.0023575638506874,189.0,0.34221544402598464,34.22154440259846
20186440,"

ইসরাইল দাবি মানলে যুদ্ধবিরতি সম্ভব : হামাস
",0.0023575638506874,189.0,0.34221544402598464,34.22154440259846
20186345,"

নারায়ণগঞ্জের সাধন হত্যা মামলায় ২ জনের মৃত্যুদণ্ড
",0.0023575638506874,189.0,0.34221544402598464,34.22154440259846
20186396,"

চুয়াডাঙ্গায় সোয়া কোটি টাকার স্বর্ণসহ নারী গ্রেফতার
",0.0023575638506874,189.0,0.34221544402598464,34.22154440259846
20185896,"

রাখাইনের বাজারে জান্তার গোলাবর্ষণে নিহত ১২
",0.0023575638506874,189.0,0.34221544402598464,34.22154440259846
20186316,"

অধিনায়কত্ব পেয়ে স্বপ্নের কথা জানালেন শান্ত
",0.0023575638506874,189.0,0.34221544402598464,34.22154440259846
20185726,"

ডিআর কঙ্গোতে মোতায়েন আর্মড হেলিকপ্টার ইউনিট
",0.0023575638506874,189.0,0.34221544402598464,34.22154440259846
20186291,"

বেইলি রোড অগ্নিকাণ্ড : জাপানের পররাষ্ট্রমন্ত্রীর শোক
",0.0023575638506874,189.0,0.34221544402598464,34.22154440259846
20186161,"

সোমবার ১৬ ঘণ্টা গ্যাস থাকবে না যেসব এলাকায়
",0.0023575638506874,189.0,0.34221544402598464,34.22154440259846
20186148,"

আজও বিশ্বে সবচেয়ে দূষিত ঢাকার বাতাস
",0.0023575638506874,189.0,0.34221544402598464,34.22154440259846
20186119,"

সিঙ্গাপুরে স্বাস্থ্য পরীক্ষার জন্য ঢাকা ত্যাগ কাদেরের
",0.0023575638506874,189.0,0.34221544402598464,34.22154440259846
20186092,"

গাজায় অস্ত্রবিরতিতে সম্মতি ইসরাইলের, রাজি হবে কি হামাস?
",0.0023575638506874,189.0,0.34221544402598464,34.22154440259846
20186074,"

বিজেপির একমাত্র মুসলিম প্রার্থী : কে এই আবদুল সালাম?
",0.0023575638506874,189.0,0.34221544402598464,34.22154440259846
20186065,"

গাজার প্রতি সমর্থন, ফের আইসিসির রোষের মুখে খাজা
",0.0023575638506874,189.0,0.34221544402598464,34.22154440259846
20186232,"

আরো আকাশ প্রতিরক্ষা সরবরাহ করতে জেলেনস্কির আহ্বান
",0.0023575638506874,189.0,0.34221544402598464,34.22154440259846
20185554,"

 দেশের বিভিন্ন স্থানে জাতীয় ভোটার দিবস পালন
",0.0023575638506874,189.0,0.34221544402598464,34.22154440259846
20185719,"

কুয়েতে ৪ মাস ধরে ১ বাংলাদেশী নিখোঁজ 
",0.0023575638506874,189.0,0.34221544402598464,34.22154440259846
20045935,সিলেটে প্রতিমন্ত্রীর সংবর্ধনায় ছাত্রলীগ কর্মীদের ভাঙচুর,0.0023575638506874,189.0,0.34221544402598464,34.22154440259846
20045940,স্ত্রী-সন্তানসহ পুড়ে অঙ্গার কাস্টমস অফিসার,0.0023575638506874,189.0,0.34221544402598464,34.22154440259846
20185297,"
ক্ষেতে টমেটোর পচন 
অবিলম্বে দমন করুন
",0.0023575638506874,189.0,0.34221544402598464,34.22154440259846
20045942,বিদ্যুতের মূল্যবৃদ্ধির প্রতিবাদে রাজধানীতে জামায়াতের বিক্ষোভ,0.0023575638506874,189.0,0.34221544402598464,34.22154440259846
20045943,যে কারণে স্যাম অল্টম্যানের বিরুদ্ধে মামলা করলেন মাস্ক,0.0023575638506874,189.0,0.34221544402598464,34.22154440259846
20046951,"শিল্পী সমিতির সদস্যপদ বাতিল, যা বললেন জায়েদ খান",0.0023575638506874,189.0,0.34221544402598464,34.22154440259846
20046950,গাজীপুরে আগুনে পুড়লো তিনটি ঝুটের গোডাউন,0.0023575638506874,189.0,0.34221544402598464,34.22154440259846
20045946,স্টেডিয়ামের গ্যালারির সিঁড়ি ‘কষ্টের সাক্ষী’ সাইফউদ্দিনের,0.0023575638506874,189.0,0.34221544402598464,34.22154440259846
20045951,ক্লাবের প্রতি নিবেদন নিয়ে প্রশ্ন ওঠায় ক্ষুব্ধ রাশফোর্ড,0.0023575638506874,189.0,0.34221544402598464,34.22154440259846
20046945,গৃহস্থালি যন্ত্রের ভেতর ২ কোটি টাকার স্বর্ণ,0.0023575638506874,189.0,0.34221544402598464,34.22154440259846
20046944,মৌলভীবাজার পৌরসভার উদ্যোগে বঙ্গবন্ধু শিক্ষাবৃত্তি প্রদান,0.0023575638506874,189.0,0.34221544402598464,34.22154440259846
20045956,রিয়ালে খেলতে রামোসের বাড়ি কিনছেন এমবাপ্পে,0.0023575638506874,189.0,0.34221544402598464,34.22154440259846
20045957,নারায়ণগঞ্জে বকেয়া বেতনের দাবিতে শ্রমিকদের বিক্ষোভ,0.0023575638506874,189.0,0.34221544402598464,34.22154440259846
20045958,কক্সবাজার কটেজ জোন থেকে নারীসহ আটক ২৫,0.0023575638506874,189.0,0.34221544402598464,34.22154440259846
20045963,সোনারগাঁয়ে মেধাবী শিক্ষার্থীদের মাঝে পুরস্কার বিতরণ,0.0023575638506874,189.0,0.34221544402598464,34.22154440259846
20045964,একমাত্র উপার্জনক্ষম সন্তানকে হারিয়ে নির্বাক পরিবার,0.0023575638506874,189.0,0.34221544402598464,34.22154440259846
20046004,বাণিজ্য প্রতিমন্ত্রীর সঙ্গে বিসিআই পরিচালনা পর্ষদের সাক্ষাৎ,0.0023575638506874,189.0,0.34221544402598464,34.22154440259846
20046003,বাণিজ্য প্রতিমন্ত্রীর সঙ্গে ইউএনডিপি প্রতিনিধির সৌজন্য সাক্ষাত,0.0023575638506874,189.0,0.34221544402598464,34.22154440259846
20046002,স্ট্যান্ডার্ড চাটার্ড ব্যাংক মেটলাইফের সঙ্গে চালু করলো ব্যাঙ্কাস্যুরেন্স,0.0023575638506874,189.0,0.34221544402598464,34.22154440259846
20045965,সিলেট মহানগর জামায়াতের বিক্ষোভ মিছিল ও সমাবেশ,0.0023575638506874,189.0,0.34221544402598464,34.22154440259846
20045981,লাখো মানুষের আমিন ধ্বনিতে মুখোরিত চৌহালী,0.0023575638506874,189.0,0.34221544402598464,34.22154440259846
20045985,ভোলাহাটে বীর মুক্তিযোদ্ধাদের ফ্রি চিকিৎসা প্রদান,0.0023575638506874,189.0,0.34221544402598464,34.22154440259846
20045997,মৌলভীবাজারে মামুনুল হকের মুক্তির দাবিতে মানববন্ধন,0.0023575638506874,189.0,0.34221544402598464,34.22154440259846
20045986,খাগড়াছড়িতে প্রথমবারের মতো তথ্য প্রযুক্তি বিষয়ক সেমিনার,0.0023575638506874,189.0,0.34221544402598464,34.22154440259846
20045939,রিজার্ভ চুরি নিয়ে বাংলাদেশ ব্যাংকের মামলা চলবে,0.0023575638506874,189.0,0.34221544402598464,34.22154440259846
20046952,চীনের উপর নির্ভরশীলতা কমিয়ে এখন রাশিয়ার দিকে ঝুঁকছে মিয়ানমার,0.0023575638506874,189.0,0.34221544402598464,34.22154440259846
20045991,গাজীপুরে বিদ্যুতের মূল্যবৃদ্ধির প্রতিবাদে জামায়াতের বিক্ষোভ,0.0023575638506874,189.0,0.34221544402598464,34.22154440259846
20185695,"

রাজশাহী আঞ্চলিক স্কিলস ও ইনোভেশন প্রতিযোগিতা অনুষ্ঠিত
",0.0023575638506874,189.0,0.34221544402598464,34.22154440259846
20185677,"

বাবুবাজার ব্রিজে কাঁচাবাজার আবর্জনা ফেলা হচ্ছে নদীতে
",0.0023575638506874,189.0,0.34221544402598464,34.22154440259846
20185477,"

বিদ্যুতের মূল্যবৃদ্ধির প্রতিবাদে চাঁদপুরে জামায়াতের বিক্ষোভ
",0.0023575638506874,189.0,0.34221544402598464,34.22154440259846
20185691,"

 সিএনসি পদক পেলেন পাঁচ বিশিষ্ট ব্যক্তি
",0.0023575638506874,189.0,0.34221544402598464,34.22154440259846
20185642,"

২০৩৪ বিশ্বকাপে আয়োজনে বিড সৌদি আরবের
",0.0023575638506874,189.0,0.34221544402598464,34.22154440259846
20044923,লন্ডন সফরে মনোহরদী পৌর মেয়র সুজন,0.0023338123055792,244.0,0.3381026052961212,33.810260529612115
20185332,"

গাজায় বিমান থেকে ত্রাণ ফেলবে মার্কিন বাহিনী
",0.0023237426440347,245.0,0.3363589337240962,33.63589337240962
20186172,"

নিউজিল্যান্ডকে দাঁড়াতে দিলেন না লায়ন, অস্ট্রেলিয়ার বড় জয়
",0.002319272844814,246.0,0.33558493930538097,33.5584939305381
20186014,"

চীনা-নেতৃত্বাধীন আইএফডি আটকে দিয়েছে ভারত
",0.0023035278103248997,247.0,0.3328585150936167,33.28585150936167
20044915,"সাইফুজ্জামানের সম্পদ গোপনের ব্যাখ্যা অযৌক্তিক, অবান্তর ও অগ্রহণযোগ্য: টিআইবি",0.0022963786190728,248.0,0.33162055476156715,33.162055476156716
20188595,"

আবাসিক ভবনে রেস্টুরেন্ট বন্ধ চেয়ে রিট
",0.0022899177473551,249.0,0.33050178445385936,33.05017844538594
20185455,"

 মহাদেবপুরে মানসিক প্রতিবন্ধী যুবকের লাশ উদ্ধার
",0.0022830351988678997,250.0,0.3293099962207415,32.93099962207415
20185732,"

  জাতীয় সংসদ নির্বাচনকেন্দ্রিক সহিংসতা এখনো অব্যাহত
",0.0022807396138253997,251.0,0.32891249066784045,32.89124906678404
20185343,"

 টেক্সাসে ভয়াবহ দাবানলে হাজারো গবাদিপশুর মৃত্যু
",0.0022761366495640998,252.0,0.3281154372719535,32.81154372719535
20046937,ফেব্রুয়ারিতে এলো ৮ মাসের মধ্যে সর্বোচ্চ রেমিট্যান্স,0.0022645578364663,253.0,0.32611043967126935,32.61104396712693
20045924,"স্প্যানিশ পর্যটক ধর্ষিত, ভারতে গ্রেপ্তার ৩",0.0022364709131857,254.0,0.32124688299127574,32.12468829912758
20185683,"

চরমোনাই মাদরাসায় ৩ দিনব্যাপী মাহফিল সম্পন্ন
",0.0022363125579758,255.0,0.32121946206192625,32.121946206192625
20046940,যমুনায় বালু উত্তোলনের দায়ে ৩ জনকে জরিমানা,0.0022363125579758,255.0,0.32121946206192625,32.121946206192625
20186511,"

পাকিস্তানে ভারী বৃষ্টি ও তুষারপাতে ২৯ জনের মৃত্যু
",0.0022175718586929,257.0,0.3179743058632743,31.79743058632743
20186597,"

ঠাকুরগাঁও বিএনপির সভাপতি তৈমুর রহমানের ইন্তেকাল
",0.0021999143780035,258.0,0.314916720762164,31.4916720762164
20186473,"

নীলফামারীতে ট্রেনে কাটা পড়ে ২ জনের মৃত্যু
",0.0021854547891928,259.0,0.31241288547028584,31.241288547028585
20044916,গুলশানে ভবন থেকে পড়ে স্পেন দূতাবাসের কর্মকর্তার মৃত্যু,0.0021318986912185,260.0,0.3031390637898167,30.31390637898167
20044926,"কবে অবসর নেবেন রোনালদো, জানালেন তার প্রেমিকা",0.0020582139198763,261.0,0.29037974308049946,29.037974308049947
20045914,সরকার নিজের ছায়া দেখে ভয় পাচ্ছে: রিজভী,0.0019725225317623,262.0,0.2755413459048416,27.554134590484157
20045908,আত্মসমর্পণ করে জামিন চাইলেন ড. ইউনূস,0.0019715532306083,263.0,0.27537350085270235,27.537350085270234
20045907,দুদকের মামলায় ড. ইউনূসের জামিন,0.0019695181374227,264.0,0.27502110230201915,27.502110230201914
20045917,আরও তিন রাজ্যের প্রাইমারিতে জয়ী ট্রাম্প,0.0019667286113925,265.0,0.2745380654872476,27.453806548724756
20045920,ড. ইউনূসের জামিনের মেয়াদ বাড়লো,0.0019648484557672997,266.0,0.27421249606267883,27.421249606267885
20186767,"

কৃষ্ণনগরের সভা থেকেও তৃণমূলকে আক্রমণ মোদির
",0.0019646740131974002,267.0,0.274182289431727,27.4182289431727
20045930,ধানমণ্ডির ৫ ভবনে ৯২ রেস্তরাঁ,0.0019646370641305004,268.0,0.2741758912983556,27.417589129835562
20044925,অবৈধ ক্লিনিক-ডায়াগনস্টিকে অভিযান জোরদার হবে,0.0019646365553068,269.0,0.27417580318999,27.417580318999
20045969,গাইবান্ধায় টানেল নির্মাণের দাবিতে মানববন্ধন,0.0019646365422395,270.0,0.27417580092724464,27.417580092724464
20045966,গোয়াইনঘাটে পুলিশের অভিযানে গ্রেপ্তার ৮,0.0019646365422395,270.0,0.27417580092724464,27.417580092724464
20045979,ফুলবাড়ীয়ায় পেট্রোলের গোডাউনে ভয়াবহ অগ্নিকাণ্ড,0.0019646365422395,270.0,0.27417580092724464,27.417580092724464
20045983,আনন্দের বন্যা বইছে পুঠিয়া-দুর্গাপুরে,0.0019646365422395,270.0,0.27417580092724464,27.417580092724464
20045933,বেঁচে ফেরাদের মুখে ভয়াবহ বর্ণনা,0.0019646365422395,270.0,0.27417580092724464,27.417580092724464
20045961,ঝিনাইদহে বিএনপি’র কারামুক্ত নেতাকর্মীদের সংবর্ধনা,0.0019646365422395,270.0,0.27417580092724464,27.417580092724464
20045960,ভাসানচরে পৌঁছালো আরও ১ হাজার ২৪২ রোহিঙ্গা,0.0019646365422395,270.0,0.27417580092724464,27.417580092724464
20186460,"

সিলেটে বাসচাপায় পুলিশের কনস্টেবল নিহত
",0.0019646365422395,270.0,0.27417580092724464,27.417580092724464
20045954,নেপালকে হারিয়ে শুভ সূচনা বাংলাদেশের,0.0019646365422395,270.0,0.27417580092724464,27.417580092724464
20186498,"

বিএনপি নেতা হাবিবের সাজা বহাল
",0.0019646365422395,270.0,0.27417580092724464,27.417580092724464
20045949,আবারো আবাহনীকে হারিয়ে চ্যাম্পিয়ন মেরিনার্স,0.0019646365422395,270.0,0.27417580092724464,27.417580092724464
20045987,মঠবাড়িয়ায় ১ টাকায় একবেলার আহার,0.0019646365422395,270.0,0.27417580092724464,27.417580092724464
20186547,"

জার্মানিতে সুপ্রিম কোর্টকে ক্ষমতা রক্ষার চেষ্টা
",0.0019646365422395,270.0,0.27417580092724464,27.417580092724464
20045945,পাকুন্দিয়ায় জাতীয় ভোটার দিবস পালন,0.0019646365422395,270.0,0.27417580092724464,27.417580092724464
20186662,"

নোয়াখালীতে ৭ বছরের শিশুকে ধর্ষণের চেষ্টা
",0.0019646365422395,270.0,0.27417580092724464,27.417580092724464
20045941,সংসদে অফশোর ব্যাংকিং বিল উত্থাপন,0.0019646365422395,270.0,0.27417580092724464,27.417580092724464
20186728,"

কালীগঞ্জে ডায়াগনস্টিক সেন্টার ও চিকিৎসালয়কে জরিমানা
",0.0019646365422395,270.0,0.27417580092724464,27.417580092724464
20186278,"

সস্ত্রীক সিঙ্গাপুর যাচ্ছেন মির্জা ফখরুল
",0.0019646365422395,270.0,0.27417580092724464,27.417580092724464
20186179,"

বাগাতিপাড়ায় বাসের ধাক্কায় নিহত ১
",0.0019646365422395,270.0,0.27417580092724464,27.417580092724464
20046939,গোলাপগঞ্জে সাজাপ্রাপ্ত ৫ আসামি গ্রেপ্তার,0.0019646365422395,270.0,0.27417580092724464,27.417580092724464
20185495,"

 নোয়াখালীতে তাফসিরুল কুরআন মাহফিল অনুষ্ঠিত
",0.0019646365422395,270.0,0.27417580092724464,27.417580092724464
20186016,"

অর্থনীতির সঙ্কট কাটাতে বেসরকারি সেক্টর
",0.0019646365422395,270.0,0.27417580092724464,27.417580092724464
20185454,"

শামীমদের হাত ধরেই তৃপ্তির ভোর হবে
",0.0019646365422395,270.0,0.27417580092724464,27.417580092724464
20185447,"

অর্থনীতির সঙ্কট কাটাতে বেসরকারি সেক্টর
",0.0019646365422395,270.0,0.27417580092724464,27.417580092724464
20046946,স্বামীকে কুপিয়ে হত্যার পর থানায় স্ত্রী,0.0019646365422395,270.0,0.27417580092724464,27.417580092724464
20186072,"

হাউছি হামলায় ক্ষতিগ্রস্ত জাহাজটি ডুবে গেছে
",0.0019646365422395,270.0,0.27417580092724464,27.417580092724464
20185501,"

ভালুকায় বনভূমি দখল করে বিভিন্ন স্থাপনা নির্মাণ
",0.0019646365422395,270.0,0.27417580092724464,27.417580092724464
20185784,"

  দ্রব্যমূল্যের নিয়ন্ত্রণ নিয়ে চ্যালেঞ্জের মুখে আ’লীগ
",0.0019646365422395,270.0,0.27417580092724464,27.417580092724464
20186030,"

শামীমদের হাত ধরেই তৃপ্তির ভোর হবে
",0.0019646365422395,270.0,0.27417580092724464,27.417580092724464
20047166,হারল্যান স্টোরের উদ্বোধন করলেন চলচিত্র তারকারা,0.0019646365422395,270.0,0.27417580092724464,27.417580092724464
20185675,"

প্রীতির জোড়ার ফাইনালের পথে বাংলাদেশ
",0.0019646365422395,270.0,0.27417580092724464,27.417580092724464
20185318,"

ইরাকে হামলার জন্য ক্ষমা চাইলো যুক্তরাষ্ট্র
",0.0019646365422395,270.0,0.27417580092724464,27.417580092724464
20045998,কালিয়ায় ইভটিজিংয়ের প্রতিবাদ করায় খুন,0.0019646365422395,270.0,0.27417580092724464,27.417580092724464
20185916,"
হেলথ টিপস 
আয়রনের অভাব পূরণে 
",0.0019646365422395,270.0,0.27417580092724464,27.417580092724464
20045995,সিরাজগঞ্জে বিএনপি’র কারামুক্ত নেতাকর্মীদের সংবর্ধনা,0.0019646365422395,270.0,0.27417580092724464,27.417580092724464
20186078,"

শাহবাজ না আইয়ুব : কে হচ্ছেন পাকিস্তানের প্রধানমন্ত্রী
",0.0019646365422395,270.0,0.27417580092724464,27.417580092724464
20185767,"

 জ্বলছে সীমান্তের ওপারের রাখাইনের গ্রাম
",0.0019646365422395,270.0,0.27417580092724464,27.417580092724464
20045990,রাতভর সড়কে উৎসবে মাতোয়ারা বরিশালবাসী,0.0019646365422395,270.0,0.27417580092724464,27.417580092724464
20045902,সরকার আরও দুর্নীতি করতে বিদ্যুতের দাম বাড়িয়েছে,0.0019609708397376,308.0,0.27354104461335893,27.354104461335893
20185360,"

আন্তর্জাতিক বাজারে বেড়েছে তেলের দাম
",0.0019214532155494,309.0,0.2666981375716057,26.669813757160572
20045923,আদালতে জামিন আবেদন ড. ইউনূসের,0.0018946875319577998,310.0,0.2620633679342906,26.20633679342906
20185568,"

মুলাদীর কৃষ্ণপুর গ্রাম এখনো অবহেলিত
",0.0018878123053775,311.0,0.26087284756910045,26.087284756910044
20186562,"

মানিকগঞ্জে মদ্যপানে মামা-ভাগনের মৃত্যু
",0.0018832093411161998,312.0,0.2600757941732135,26.007579417321352
20185817,"
অগ্নিঝরা মার্চ 
স্বাধীনতার ঘোষণাপত্র ঘোষণা হয় আজ
",0.0018457656119677999,313.0,0.2535920046458159,25.359200464581587
20185369,"

লেবাননে ইসরাইলের হামলায় নিহত ৩
",0.0018433852495279,314.0,0.25317981896318625,25.317981896318624
20045988,ঝিনাইদহ ৩ মানব পাচারকারী আটক,0.0018433852495279,314.0,0.25317981896318625,25.317981896318624
20045959,ঝিনাইদহে ৩ মানব পাচারকারী আটক,0.0018433852495279,314.0,0.25317981896318625,25.317981896318624
20046000,প্রচারণায় ব্যস্ত ৩ চেয়ারম্যান প্রার্থী,0.0018433852495279,314.0,0.25317981896318625,25.317981896318624
20188787,"

চলতি অর্থবছরে সর্বোচ্চ রেমিট্যান্স এসেছে ফেব্রুয়া‌রি‌তে
",0.0018064659419812,318.0,0.2467868387479586,24.67868387479586
20186771,"

মালদ্বীপের কাছে নৌ ঘাঁটি স্থাপন করছে ভারত
",0.0017935424144796001,319.0,0.24454898920204898,24.454898920204897
20044920,ঠাকুরগাঁও বিএনপির সভাপতি তৈমুর রহমান আর নেই,0.0017731658629029,320.0,0.2410205673615355,24.10205673615355
20188821,"

পূর্ব ইউক্রেনের একটি শহর ঘেরাও রুশ বাহিনীর
",0.0017223167016604,321.0,0.23221548125928326,23.221548125928326
20223015,"

শাটডাউন এড়াতে স্বল্পমেয়াদি বরাদ্দ অনুমোদন বাইডেনের
",0.0016371562216987,322.0,0.2174690166126812,21.74690166126812
20044929,এলপিজির দাম আবারও বাড়লো,0.0015993779369976,323.0,0.21092729514745945,21.092729514745944
20188574,"

দোহারে ট্রাকচাপায় বাইসাইকেলচালক নিহত
",0.0015851692687238001,324.0,0.20846690947949326,20.846690947949327
20045912,হঠাৎ অবসরে রোমান সানা,0.0015846670070598,325.0,0.20837993740189514,20.837993740189514
20186812,"

সিলেটে হচ্ছে বাঘে-সিংহের লড়াই
",0.0015726127219222999,326.0,0.20629260663884463,20.629260663884462
20045900,এক মঞ্চে তিন খান,0.0015724453702554999,327.0,0.20626362787499636,20.626362787499637
20186785,"

কেবলমাত্র সিরিজে মনোনিবেশ করতে চান সিলভারউড
",0.0015721509025169002,328.0,0.2062126375788076,20.621263757880758
20045929,টাইম বোমায় ভাসছে ঢাকা,0.0015717113616945,329.0,0.20613652629806822,20.613652629806822
20045931,রাজউক পরিদর্শককে ম্যানেজ করেই চলছে সব,0.0015717092786464999,330.0,0.2061361655956191,20.61361655956191
20185652,"

আন্তর্জাতিক ক্রিকেটে কি ফিরবেন তামিম?
",0.0015717092337916,331.0,0.20613615782850464,20.613615782850463
20185645,"

ব্রাজিল ও আর্জেন্টিনা স্কোয়াড ঘোষণা
",0.0015717092337916,331.0,0.20613615782850464,20.613615782850463
20185414,"
গল্পকথা 
রিশা রাফির দিনগুলো
",0.0015717092337916,331.0,0.20613615782850464,20.613615782850463
20185665,"

ফিলিপসের পাঁচের পর রাচিনের লড়াই
",0.0015717092337916,331.0,0.20613615782850464,20.613615782850463
20185376,"

ব্যবসায়-বাণিজ্যে ইসলামী নীতিমালা 
",0.0015717092337916,331.0,0.20613615782850464,20.613615782850463
20045938,আগুনে প্রাণ গেল কুমিল্লার ৬ জনের,0.0015717092337916,331.0,0.20613615782850464,20.613615782850463
20045911,দেশের মানুষ ভালো আছে: অর্থমন্ত্রী,0.0015717092337916,331.0,0.20613615782850464,20.613615782850463
20185619,"

 বিশ্বকাপে যেতে পারছেন না বধির ক্রিকেটাররা!
",0.0015717092337916,331.0,0.20613615782850464,20.613615782850463
20186252,"

ডিসি সম্মেলন উদ্বোধন করেছেন প্রধানমন্ত্রী
",0.0015717092337916,331.0,0.20613615782850464,20.613615782850463
20185901,"

প্রকাশ্যে যুবককে কুপিয়ে হত্যা
",0.0015717092337916,331.0,0.20613615782850464,20.613615782850463
20186097,"

৪ বছর পর পর বের হয় যে ম্যাগাজিন
",0.0015717092337916,331.0,0.20613615782850464,20.613615782850463
20045992,নান্দাইলে কবরস্থান থেকে নবজাতক উদ্ধার,0.0015717092337916,331.0,0.20613615782850464,20.613615782850463
20186217,"

উল্লাপাড়ায় ট্রাকচাপায় নারী নিহত
",0.0015717092337916,331.0,0.20613615782850464,20.613615782850463
20186187,"

ডিসি সম্মেলন শুরু, উদ্বোধন করবেন প্রধানমন্ত্রী
",0.0015717092337916,331.0,0.20613615782850464,20.613615782850463
20186320,"

শাহবাজ শরিফ পাকিস্তানের প্রধানমন্ত্রী
",0.0015717092337916,331.0,0.20613615782850464,20.613615782850463
20045980,তরুণদের আইডল চবি’র আবিদ,0.0015717092337916,331.0,0.20613615782850464,20.613615782850463
20045976,ভাঙছে ১৯ বছরের সংসার,0.0015717092337916,331.0,0.20613615782850464,20.613615782850463
20045975,বিয়ের মঞ্চ মাতালেন রিহানা,0.0015717092337916,331.0,0.20613615782850464,20.613615782850463
20045971,আসছে সুবীর নন্দীর ‘ঘুম’,0.0015717092337916,331.0,0.20613615782850464,20.613615782850463
20186378,"

আল্লামা লুৎফুর রহমানের ইন্তেকাল
",0.0015717092337916,331.0,0.20613615782850464,20.613615782850463
20045999,আগামীবারও সোহ্‌রাওয়ার্দীতেই ফিরতে চান প্রকাশকরা,0.0015717092337916,331.0,0.20613615782850464,20.613615782850463
20047165,ঈদে ফের ফারহান-সাদিয়া জুটি,0.0015717092337916,331.0,0.20613615782850464,20.613615782850463
20046001,দেশ এখন খাদ্যে স্বয়ংসম্পূর্ণ: কৃষিমন্ত্রী,0.0015717092337916,331.0,0.20613615782850464,20.613615782850463
20046942,১৯ বছরে হয়রানির শিকার,0.0015717092337916,331.0,0.20613615782850464,20.613615782850463
20186477,"

দেশের মানুষ ভালো আছে : অর্থমন্ত্রী
",0.0015717092337916,331.0,0.20613615782850464,20.613615782850463
20045944,মেজর হাফিজ আজ দেশে ফিরছেন,0.0015717092337916,331.0,0.20613615782850464,20.613615782850463
20047135,শুক্রবার ঢাকায় গণসমাবেশ করবে গণঅধিকার,0.0015717092337916,331.0,0.20613615782850464,20.613615782850463
20045947,ব্যাটে-বলে সেরা তামিম-শরিফুল,0.0015717092337916,331.0,0.20613615782850464,20.613615782850463
20186001,"

 জোরদার হচ্ছে চীনা সাইবার গুপ্তচরবৃত্তি
",0.0015717092337916,331.0,0.20613615782850464,20.613615782850463
20186035,"

আজ ভোট হলে ট্রাম্পের কাছে হারবেন বাইডেন!
",0.0015717092337916,331.0,0.20613615782850464,20.613615782850463
20045955,ডিপিএল-এর দলবদলের চূড়ান্ত তালিকা,0.0015717092337916,331.0,0.20613615782850464,20.613615782850463
20185955,"

রাজধানীতে জাকাত ফেয়ারের আজ শেষদিন 
",0.0015717092337916,331.0,0.20613615782850464,20.613615782850463
20188583,"

বিকেলে ঘোষণা করা হবে এলপিজির নতুন দাম
",0.0015585299211542999,363.0,0.2038540163004171,20.38540163004171
20046007,"বলপ্রয়োগের দায়, প্রতিবাদের দাম",0.0015512253707176999,364.0,0.20258915383344783,20.25891538334478
20186280,"

ইরানের নির্বাচনে ডানপন্থীদের আধিপত্য
",0.0015356546728254,365.0,0.199892917902239,19.989291790223902
20188725,"

ইসলামে বাবা-মায়ের সম্মান
",0.0015030392286015,366.0,0.1942451984976834,19.42451984976834
20186017,"

নেপালে এখনো চলছে টিকটক
",0.0014948849969296,367.0,0.19283320447036045,19.283320447036047
20185995,"

হাজিদের জন্য প্রস্তুত ১৮৬০ ভবন
",0.0014787032195704999,368.0,0.19003115347378935,19.003115347378934
20186357,"

মালদ্বীপের কাছে কৌশলগত নতুন ঘাঁটি ভারতের
",0.0014545761370928,369.0,0.18585328635816167,18.58532863581617
20045972,২৯শে মার্চ আসছেন মিথিলা,0.0014528383035198999,370.0,0.18555236154707588,18.55523615470759
20044919,সরকারকে নতি স্বীকার করতেই হবে,0.0013781236560112,371.0,0.1726147065624411,17.26147065624411
20032880,আজ টিভিতে যা দেখবেন (৩ মার্চ ২০২৪),0.0013583542811165,372.0,0.1691914239775939,16.91914239775939
20044918,মালদ্বীপের কাছে নতুন সামরিক ঘাঁটি চালু করছে ভারত,0.0013419753058591,373.0,0.16635522601711453,16.635522601711454
20188635,"

 টি-২০ দলে অনিক
",0.0012286451224653998,374.0,0.14673087040568839,14.673087040568838
20045928,"তিনি আমাকে খুব ঘৃণা করেন, আমি জনগণের মধ্যে খুব জনপ্রিয়",0.0011787864658351,375.0,0.1380973009653041,13.809730096530409
20186115,"

চার দিনব্যাপী ডিসি সম্মেলন শুরু আজ
",0.0011787819253437,376.0,0.13809651472976459,13.809651472976459
20185405,"

আল কুরআনের বাণী
",0.0011787819253437,376.0,0.13809651472976459,13.809651472976459
20045921,চার দিনব্যাপী ডিসি সম্মেলন শুরু,0.0011787819253437,376.0,0.13809651472976459,13.809651472976459
20045927,চার দিনব্যাপী ডিসি সম্মেলন শুরু আজ,0.0011787819253437,376.0,0.13809651472976459,13.809651472976459
20045948,দলবদল করলেন ১৩৪ ক্রিকেটার,0.0011787819253437,376.0,0.13809651472976459,13.809651472976459
20045977,মঞ্চে ‘এথেন্স কাব্য’,0.0011787819253437,376.0,0.13809651472976459,13.809651472976459
20045982,ফেনীতে পুষ্টিভাত উৎসব,0.0011787819253437,376.0,0.13809651472976459,13.809651472976459
20186044,"

প্রেমের বিয়েতেই বিচ্ছেদ বেশি!
",0.0011787819253437,376.0,0.13809651472976459,13.809651472976459
20185669,"

শিরোপা ধরে রাখল মেরিনার্স
",0.0011787819253437,376.0,0.13809651472976459,13.809651472976459
20185831,"

ফলের বাজারে আগুন
",0.0011787819253437,376.0,0.13809651472976459,13.809651472976459
20185416,"
জানা-অজানা 
জীবন জীবিকা
",0.0011787819253437,376.0,0.13809651472976459,13.809651472976459
20185859,"

পর্দা নামল বইমেলার
",0.0011787819253437,376.0,0.13809651472976459,13.809651472976459
20185628,"

 নীল কার্ডকে ‘না’ ফিফার
",0.0011787819253437,376.0,0.13809651472976459,13.809651472976459
20185849,"

২৪ কোটি বছরের সরীসৃপ
",0.0011787819253437,376.0,0.13809651472976459,13.809651472976459
20185842,"

 সর্বনিম্নে অ্যান্টার্কটিকার বরফস্তর
",0.0011787819253437,376.0,0.13809651472976459,13.809651472976459
20188715,"
স্মরণ 
শাহেদ সোহ্রাওয়ার্দী
",0.0011570336163707,391.0,0.13433055815533054,13.433055815533054
20044921,আবার মেসির সঙ্গে খেলবেন নেইমার,0.0010906881010039,392.0,0.1228421095550277,12.28421095550277
20185398,"

হাদিসের কথা
",0.0007858546168958,393.0,0.07005687163102459,7.005687163102459
20045974,মহানায়কের ঝলক,0.0007858546168958,393.0,0.07005687163102459,7.005687163102459
20185436,"

ইবনে আমাজুর
",0.0007858546168958,393.0,0.07005687163102459,7.005687163102459
20046009,কে কাদঁবে কার জন্য?,0.0007858546168958,393.0,0.07005687163102459,7.005687163102459
20046947,পুরুষশূন্য কুমারখালী,0.0007858546168958,393.0,0.07005687163102459,7.005687163102459
20185653,"

যেমন হলো বিপিএল
",0.0003929273084479,398.0,0.0020172285322845596,0.20172285322845596
20185393,"

প্রশ্নোত্তর
",0.0003929273084479,398.0,0.0020172285322845596,0.20172285322845596
20045973,‘পরিকল্পনা করে কিছু করি না’,0.0003929273084479,398.0,0.0020172285322845596,0.20172285322845596
20188719,"

ইতিহাসে আজ
",0.0003812778620132,401.0,0.0,0.0
